Workbook

Sheet Notice d'utilisation
B2: NOTICE D'UTILISATION
B3: Configurateur de devis – A.R.C ALUMINIUM
B5: ⚠ IMPORTANT – À LIRE EN PREMIER
B6: Ce configurateur est mis à disposition pour les CHÂSSIS STANDARD uniquement. Il ne couvre pas l'intégralité du savoir-faire d'A.R.C ALUMINIUM. Pour tout châssis spécifique (dimensions hors abaques, profils particuliers, finitions sur-mesure, systèmes non listés, performances renforcées, etc.), merci d'adresser directement votre demande au bureau d'études A.R.C ALUMINIUM : 📧 contact@arc-alu.fr 📞 +33 (0)4 76 55 09 64 📍 156 rue Émile Romanet – 38340 VOREPPE 💡 Les plans des menuiseries peuvent être demandés au bureau d'études sur simple demande. 📦 Les tarifs affichés sont calibrés pour des quantités unitaires ou de faibles séries. Pour les commandes en grande quantité ou séries répétitives, A.R.C ALUMINIUM est en mesure de proposer des conditions tarifaires négociées — n'hésitez pas à nous consulter en amont.
B8: LES ONGLETS DU CLASSEUR
B9: « Notice d'utilisation » | C9: Ce document.
B10: « Paramètres » | C10: Permet d'ajuster le taux de remise client appliqué automatiquement à tous les devis. Cellule jaune modifiable (B2).
B11: « Sommaire » | C11: Récapitulatif des grilles de prix et des familles de couleurs disponibles. Pour consultation uniquement.
B12: « Configurateur » | C12: Devis rapide pour 1 seule menuiserie. Saisir Type / Largeur / Hauteur / Couleur / Vitrage / Dormant / Quantité dans les cellules JAUNES. Le prix net HT s'affiche en bas.
B13: « Devis » | C13: Devis multi-lignes complet (jusqu'à 10 menuiseries). C'est l'outil principal pour générer un devis structuré.
B15: COMMENT REMPLIR UN DEVIS (onglet « Devis »)
B16: 1 – Informations chantier | C16: Remplir le bloc en haut : Nom du chantier, Adresse, Référence affaire. La date se met automatiquement.
B17: 2 – Performances (optionnel) | C17: Indiquer les performances souhaitées : Uw (thermique), Sw (facteur solaire), Affaiblissement acoustique, classement AEV. Sert d'orientation au BE.
B18: 3 – Demandeur | C18: Vérifier que l'émetteur, la société et les coordonnées sont à jour.
B19: 4 – Saisie ligne par ligne | C19: Pour chaque ligne du tableau, sélectionner dans les listes déroulantes : Type de menuiserie, Famille couleur, Vitrage, Type de dormant. Saisir Largeur, Hauteur, Quantité. Renseigner si besoin les Options Traverses/Meneaux et l'Option porte. Les Commentaires position se génèrent automatiquement.
B20: 5 – Vérification | C20: Le prix unitaire et le prix total se calculent en temps réel. Le total HT global apparaît en bas du tableau.
B21: 6 – Validation & commande | C21: Lorsqu'un devis saisi sur ce configurateur est validé pour passage en commande, merci de nous transmettre une copie de ce fichier Excel en pièce jointe à votre commande. Cela facilite le traitement et la traçabilité de l'affaire.
B23: SIGNAUX VISUELS À REPÉRER
B24: Cellule LARGEUR ou HAUTEUR sur fond ROUGE | C24: La dimension saisie est hors abaque pour ce type de menuiserie. Le prix unitaire ne s'affiche pas et le devis ne peut pas être validé pour cette ligne. Voir les abaques ci-dessous ou contacter le bureau d'études.
B25: « ⚠ Hors abaque (L X–Y / H X–Y mm) » dans Commentaires position | C25: Détail textuel du dépassement avec les valeurs autorisées rappelées.
B26: « ⚠ Option valable uniquement pour Porte Lourde » | C26: L'option porte sélectionnée (ventouse, anti-panique, etc.) n'est compatible qu'avec les Portes Lourdes. Changer le type ou enlever l'option.
B27: « ⚠ Option T/M incompatible avec la gamme » | C27: Une option Traverse/Meneau a été sélectionnée mais n'est pas applicable à ce type de menuiserie.
B28: Cellule PRIX vide | C28: Soit la ligne n'est pas complète, soit les dimensions sont hors abaque. Vérifier la saisie.
B30: ABAQUES DE DIMENSIONS (par type de menuiserie)
B31: Type de menuiserie | C31: Limites Largeur × Hauteur (mm)
B32: Coulissant 2 vantaux 2 rails | C32: 800 – 3500 / 750 – 2700
B33: Coulissant 3 vantaux 2 rails | C33: 2000 – 5000 / 750 – 2700
B34: Coulissant 4 vantaux 2 rails | C34: 2500 – 6050 / 750 – 2700
B35: Coulissant 3 vantaux 3 rails | C35: 2000 – 5000 / 750 – 2700
B36: Coulissant 6 vantaux 3 rails | C36: 4000 – 6400 / 750 – 2700
B37: Galandage 1 vantail 1 rail | C37: 500 – 2000 / 750 – 2350
B38: Galandage 2 vantaux 1 rail | C38: 900 – 3200 / 750 – 2350
B39: Galandage 2 vantaux 2 rails | C39: 1000 – 3300 / 750 – 2350
B40: Galandage 4 vantaux 2 rails | C40: 1800 – 4100 / 750 – 2350
B41: Châssis fixe vitré | C41: 300 – 3000 / 450 – 2550
B42: Porte Lourde 1 vantail | C42: 800 – 1300 / 1950 – 2850
... B47: Fenêtre OB 2 vantaux | C47: 700 – 2400 / 550 – 2500
B49: Hors de ces plages → demande au bureau d'études A.R.C ALUMINIUM.
B51: PROPRIÉTÉ ET CONFIDENTIALITÉ
B52: Le présent configurateur ainsi que l'ensemble de son contenu — grilles tarifaires, formules de calcul, abaques, méthodologie, structure et données associées — sont la propriété exclusive d'A.R.C ALUMINIUM. Ce document est strictement confidentiel et destiné à un usage exclusivement professionnel, dans le cadre d'une relation commerciale établie avec A.R.C ALUMINIUM. Toute reproduction, diffusion à des tiers, communication ou exploitation, totale ou partielle, à des fins autres que la consultation tarifaire pour les besoins propres du destinataire, est strictement interdite sans autorisation écrite préalable d'A.R.C ALUMINIUM.
B55: CONTACT BUREAU D'ÉTUDES
B56: A.R.C ALUMINIUM
B57: 156 rue Émile Romanet – 38340 VOREPPE
B58: Tél : +33 (0)4 76 55 09 64
B59: E-mail : contact@arc-alu.fr
B60: Web : www.arcaluminium.com
B62: Document généré – Version juin 2026

Sheet Paramètres
A1: PARAMÈTRES
A2: Taux de remise client : | B2: 0.515 | C2: ← Modifier ici
A4: MODE D'EMPLOI
A5: 1. Saisir le taux de remise dans la cellule jaune ci-dessus (cellule B2).
A6: Exemple : 25 % de remise → taper 25 % ou 0,25
A8: 2. Tous les onglets de prix se mettent à jour automatiquement :
A9: • Sur chaque grille Coulissant / Galandage, une section
A10: « PRIX NET CLIENT » apparaît sous le tableau tarif.
A11: • Sur l'onglet « Doubles Vitrages », la colonne « Plus-Value nette »
A12: affiche la plus-value après remise.
A13: • Sur l'onglet « Options dormant », une colonne « Plus value nette »
A14: est également ajoutée.
A16: 3. La grille tarif d'origine (en €) reste toujours visible pour référence.
A18: 4. Pour reprendre le tarif de base sans remise : taper 0 % dans la cellule.

Sheet Sommaire
A1: A.R.C ALUMINIUM — GRILLES DE PRIX (Coulissants & Galandages)
A2: 👉 « Paramètres » : taux de remise — « Configurateur » : devis rapide 1 menuiserie — « Devis » : devis multi-lignes complet
A3: Configuration | B3: Onglet | C3: Largeurs (mm) | D3: Hauteurs (mm)
A4: COULISSANTS
A5: Coulissant 2 vantaux & 2 rails | B5: Coulissant 2 vantaux 2 rails | C5: 800 – 3500 | D5: 750 – 2700
A6: Coulissant 3 vantaux & 2 rails | B6: Coulissant 3 vantaux 2 rails | C6: 2000 – 5000 | D6: 750 – 2700
A7: Coulissant 4 vantaux & 2 rails | B7: Coulissant 4 vantaux 2 rails | C7: 2500 – 6050 | D7: 750 – 2700
A8: Coulissant 3 vantaux & 3 rails | B8: Coulissant 3 vantaux 3 rails | C8: 2000 – 5000 | D8: 750 – 2700
A9: Coulissant 6 vantaux & 3 rails | B9: Coulissant 6 vantaux 3 rails | C9: 4000 – 6400 | D9: 750 – 2700
A11: GALANDAGES
A12: Galandage 1 vantail & 1 rail | B12: Galandage 1 vantail 1 rail | C12: 500 – 2000 | D12: 750 – 2350
A13: Galandage 2 vantaux & 1 rail | B13: Galandage 2 vantaux 1 rail | C13: 900 – 3200 | D13: 750 – 2350
A14: Galandage 2 vantaux & 2 rails | B14: Galandage 2 vantaux 2 rails | C14: 1000 – 3300 | D14: 750 – 2350
A15: Galandage 4 vantaux & 2 rails | B15: Galandage 4 vantaux 2 rails | C15: 1800 – 4100 | D15: 750 – 2350
A17: CHÂSSIS FIXES VITRÉS
A18: Châssis fixe vitré (avec dormant visible) | B18: Châssis fixe vitré | C18: 300 – 3000 | D18: 450 – 2550
A20: PORTES LOURDES ACCESS
A21: Porte Lourde 1 vantail (ouvrant visible) | B21: Porte Lourde 1 vantail | C21: 800 – 1300 | D21: 1950 – 2850
A22: Porte Lourde 2 vantaux (ouvrant visible) | B22: Porte Lourde 2 vantaux | C22: 1200 – 2500 | D22: 1950 – 2850
A24: FENÊTRES / PORTES-FENÊTRES
A25: Fenêtre/Porte-fenêtre OF 1 vantail | B25: Fenêtre OF 1 vantail | C25: 400 – 1300 | D25: 550 – 2500
A26: Fenêtre/Porte-fenêtre OF 2 vantaux | B26: Fenêtre OF 2 vantaux | C26: 700 – 2400 | D26: 550 – 2500
A27: Fenêtre/Porte-fenêtre OB 1 vantail | B27: Fenêtre OB 1 vantail | C27: 400 – 1300 | D27: 550 – 2500
A28: Fenêtre/Porte-fenêtre OB 2 vantaux | B28: Fenêtre OB 2 vantaux | C28: 700 – 2400 | D28: 550 – 2500
A30: OPTIONS & VITRAGES
A31: Catalogue Doubles Vitrages | B31: Doubles Vitrages | C31: 6 catégories | D31: Plus-value €
A32: Options sur dormant
A33: Teintes & Finitions (RAL) | B33: Teintes & Finitions | C33: 8 familles | D33: + % menuiserie + forfait
A36: PLUS-VALUES TRAVERSES & MENEAUX (prix moyens nets HT, remise appliquée)
A37: Gamme | B37: Profilé | C37: Unité | D37: Prix moyen net HT
A38: Châssis fixe vitré | B38: Traverse 70 mm | C38: €/ml | D38: =224.46*(1-Paramètres!$B$2) -> 108.8631
A39: Châssis fixe vitré | B39: Traverse 100 mm | C39: €/ml | D39: =264.82*(1-Paramètres!$B$2) -> 128.4377
A40: Châssis fixe vitré | B40: Meneau 70 mm | C40: €/ml | D40: =230*(1-Paramètres!$B$2) -> 111.55
A41: Châssis fixe vitré | B41: Meneau 100 mm | C41: €/ml | D41: =252.73*(1-Paramètres!$B$2) -> 122.57405
A42: Fenêtre OF 1 vantail | B42: Traverse 70 mm | C42: €/ml | D42: =170.1*(1-Paramètres!$B$2) -> 82.4985
A43: Fenêtre OF 2 vantaux | B43: Traverse 70 mm | C43: €/ml | D43: =328.28*(1-Paramètres!$B$2) -> 159.2158
A44: Porte Lourde 1 vantail | B44: Traverse 70 mm | C44: €/ml | D44: =184.33*(1-Paramètres!$B$2) -> 89.40005
A45: Porte Lourde 1 vantail | B45: Traverse 100 mm | C45: €/ml | D45: =211.33*(1-Paramètres!$B$2) -> 102.49505
A46: Porte Lourde 1 vantail
A47: Porte Lourde 1 vantail | B47: Meneau 70 mm | C47: €/ml | D47: =280.71*(1-Paramètres!$B$2) -> 136.14435
A48: Porte Lourde 1 vantail
A49: Porte Lourde 2 vantaux | B49: Traverse 70 mm | C49: €/ml | D49: =352.29*(1-Paramètres!$B$2) -> 170.86065
A50: Porte Lourde 2 vantaux
A51: Porte Lourde 2 vantaux | B51: Traverse 142 mm | C51: €/ml | D51: =687*(1-Paramètres!$B$2) -> 333.195
A52: Porte Lourde 2 vantaux | B52: Meneau 70 mm | C52: €/ml | D52: =280.71*(1-Paramètres!$B$2) -> 136.14435
A53: Porte Lourde 2 vantaux | B53: Meneau 100 mm | C53: €/ml | D53: =339.29*(1-Paramètres!$B$2) -> 164.55565
A54: Prix moyens calculés sur l'ensemble des dimensions disponibles. Pour un prix exact selon votre dimension, voir les grilles tarif détaillées.
A56: Lecture des onglets :
A57: • 1ère partie : prix € HT (double vitrage standard) - non remisé
A58: • 2ème partie : prix €/m² HT (double vitrage standard) - non remisé
A59: • Dernière ligne : Traverse 70 mm
A60: Lignes = hauteurs (mm) | Colonnes = largeurs (mm)
A62: ⚠ Important : valeurs transcrites à partir des images fournies.
A63: Vérifier les prix avant tout devis client (la transcription peut
A64: contenir des erreurs ponctuelles sur des cellules isolées).

Sheet Devis
A1: #VALUE! | F1: DEVIS - FOURNITURE SEULE - MENUISERIES ALUMINIUM
A7: INFORMATIONS CHANTIER | G7: PERFORMANCES | M7: DEMANDEUR
A8: Nom du chantier : | G8: Performance Thermique Uw : | M8: Demande émise par : | O8: Bruno ROBEIL
A9: Adresse : | G9: Facteur solaire Sw : | M9: Société : | O9: A.R.C ALUMINIUM
A10: Référence affaire : | G10: Affaiblissement acoustique : | M10: Téléphone : | O10: +33 (0)4 76 55 09 64
A11: Date de la demande : | C11: =TODAY() -> 46193 | G11: AEV : | M11: E-mail : | O11: contact@arc-alu.fr
A13: N° | B13: Localisation | C13: Type de menuiserie | D13: Famille couleur | E13: Vitrage | F13: Type de dormant | G13: Largeur (mm) | H13: Hauteur (mm) | I13: Qté | J13: Commentaires position | K13: Observations | L13: Grille de ventilation | M13: Option T/M 1 | N13: Option T/M 2 | O13: Option T/M 3 | P13: Habillage extérieur | Q13: Bavette | R13: Option porte (uniquement si Porte Lourde) | S13: Prix unitaire net HT | T13: Prix total net HT | V13: Tarif baie | W13: PV 4pts | X13: PV coul. | Y13: Forfait | Z13: PV vitr. | AA13: PV €/ml | AB13: PV % baie | AC13: PV option | AD13: PV T/M | AE13: Err T/M | AF13: T1 | AG13: T2 | AH13: T3 | AI13: M1 | AJ13: M2 | AK13: M3 | AL13: Ligne T | AM13: Ligne M
A14: 1 | C14: Coulissant 2 vantaux 2 rails | D14: Famille 1 Monocolore | E14: 4 /20/ 4 (Fe Argon WE) Clair | F14: Standard (sans doublage) | G14: 1800 | H14: 1200 | I14: 1 | J14: =IF($C14="","",$C14&" aluminium"&IF(OR($G14="",$H14=""),"",", "&$G14&" × "&$H14&" mm")&IF(OR(AND($G14<>"",IFERROR(VLOOKUP($C14,[1]_Données!$A$196:$E$211,2,FALSE()),"")<>"",OR($G14<IFERROR(VLOOKUP($C14,[1]_Données!$A$196:$E$211,2,FALSE()),""),$G14>IFERROR(VLOOKUP($C14,[1]_Données!$A$196:$E$211,3,FALSE()),""))),AND($H14<>"",IFERROR(VLOOKUP($C14,[1]_Données!$A$196:$E$211,4,FALSE()),"")<>"",OR($H14<IFERROR(VLOOKUP($C14,[1]_Données!$A$196:$E$211,4,FALSE()),""),$H14>IFERROR(VLOOKUP($C14,[1]_Données!$A$196:$E$211,5,FALSE()),"")))),CHAR(10)&"⚠ Hors abaque (L "&IFERROR(VLOOKUP($C14,[1]_Données!$A$196:$E$211,2,FALSE()),"")&"–"&IFERROR(VLOOKUP($C14,[1]_Données!$A$196:$E$211,3,FALSE()),"")&" / H "&IFERROR(VLOOKUP($C14,[1]_Données!$A$196:$E$211,4,FALSE()),"")&"–"&IFERROR(VLOOKUP($C14,[1]_Données!$A$196:$E$211,5,FALSE()),"")&" mm)","")&IF(IFERROR(VLOOKUP($C14,[1]_Données!$A$158:$B$173,2,FALSE()),"")="","",CHAR(10)&"Système : "&VLOOKUP($C14,[1]_Données!$A$158:$B$173,2,FALSE()))&IF($D14="","",CHAR(10)&"Traitement surface : "&$D14)&IF($E14="","",CHAR(10)&"Vitrage : "&$E14)&IF($F14="","",CHAR(10)&"Cadre : "&$F14)&IF(OR(IFERROR(VLOOKUP($C14,[1]_Données!$A$177:$C$192,2,FALSE()),"")="",AND(OR($C14="Porte Lourde 1 vantail",$C14="Porte Lourde 2 vantaux"),OR(ISNUMBER(SEARCH("ventouse",$R14)),ISNUMBER(SEARCH("antipanique",$R14))))),"",CHAR(10)&"Poignée : "&IFERROR(VLOOKUP($C14,[1]_Données!$A$177:$C$192,2,FALSE()),""))&IF(OR(IFERROR(VLOOKUP($C14,[1]_Données!$A$177:$C$192,3,FALSE()),"")="",AND(OR($C14="Porte Lourde 1 vantail",$C14="Porte Lourde 2 vantaux"),OR(ISNUMBER(SEARCH("ventouse",$R14)),ISNUMBER(SEARCH("antipanique",$R14))))),"",CHAR(10)&"Fermeture : "&IFERROR(VLOOKUP($C14,[1]_Données!$A$177:$C$192,3,FALSE()),""))&AL14&AM14&IF(AND($R14<>"",$R14<>"Aucune option"),CHAR(10)&"Option : "&$R14,"")&IF($L14="OUI",CHAR(10)&"Grille de ventilation","")&IF(AND($P14<>"",$P14<>"Aucun"),CHAR(10)&"Habillage extérieur : "&$P14,"")&IF(AND($Q14<>"",$Q14<>"Aucune"),CHAR(10)&"Bavette : "&$Q14,"")) -> Coulissant 2 vantaux 2 rails aluminium, 1800 × 1200 mm Système : Aluk Group 67CL32 Traitement surface : Famille 1 Monocolore Vitrage : 4 /20/ 4 (Fe Argon WE) Clair Cadre : Standard (sans doublage) Poignée : SARENA 20° sur vantail principal / Cuvette sur vantail secondaire Fermeture : Serrure multipoints Slidelock Grille de ventilation Habillage extérieur : Cornière 60×30 Bavette : Bavette 74 mm (N99987) | L14: OUI | P14: Cornière 60×30 | Q14: Bavette 74 mm (N99987) | S14: =IFERROR(IF(ISNUMBER(IFERROR(IF(ISNUMBER(IF(IFERROR(OR(AND($G14<>"",IFERROR(VLOOKUP($C14,_Données!$A$196:$E$211,2,FALSE()),"")<>"",OR($G14<VLOOKUP($C14,_Données!$A$196:$E$211,2,FALSE()),$G14>VLOOKUP($C14,_Données!$A$196:$E$211,3,FALSE()))),AND($H14<>"",IFERROR(VLOOKUP($C14,_Données!$A$196:$E$211,4,FALSE()),"")<>"",OR($H14<VLOOKUP($C14,_Données!$A$196:$E$211,4,FALSE()),$H14>VLOOKUP($C14,_Données!$A$196:$E$211,5,FALSE())))),FALSE),"",IFERROR(IF(AND($R14<>"",$R14<>"Aucune option",NOT(OR($C14="Porte Lourde 1 vantail",$C14="Porte Lourde 2 vantaux"))),"⚠ Option valable uniquement pour Porte Lourde",IF(AE14>0,"⚠ Option T/M incompatible avec la gamme",IF(V14=0,IF(AC14>0,AC14,""),IF(V14=-1,"⚠ Dimension non disponible",(V14+W14+X14+Z14+AA14+AB14+AD14)*(1-Paramètres!$B$2)+AC14)))),""))),IF(IFERROR(OR(AND($G14<>"",IFERROR(VLOOKUP($C14,_Données!$A$196:$E$211,2,FALSE()),"")<>"",OR($G14<VLOOKUP($C14,_Données!$A$196:$E$211,2,FALSE()),$G14>VLOOKUP($C14,_Données!$A$196:$E$211,3,FALSE()))),AND($H14<>"",IFERROR(VLOOKUP($C14,_Données!$A$196:$E$211,4,FALSE()),"")<>"",OR($H14<VLOOKUP($C14,_Données!$A$196:$E$211,4,FALSE()),$H14>VLOOKUP($C14,_Données!$A$196:$E$211,5,FALSE())))),FALSE),"",IFERROR(IF(AND($R14<>"",$R14<>"Aucune option",NOT(OR($C14="Porte Lourde 1 vantail",$C14="Porte Lourde 2 vantaux"))),"⚠ Option valable uniquement pour Porte Lourde",IF(AE14>0,"⚠ Option T/M incompatible avec la gamme",IF(V14=0,IF(AC14>0,AC14,""),IF(V14=-1,"⚠ Dimension non disponible",(V14+W14+X14+Z14+AA14+AB14+AD14)*(1-Paramètres!$B$2)+AC14)))),""))+IF($L14="OUI",25,0),IF(IFERROR(OR(AND($G14<>"",IFERROR(VLOOKUP($C14,_Données!$A$196:$E$211,2,FALSE()),"")<>"",OR($G14<VLOOKUP($C14,_Données!$A$196:$E$211,2,FALSE()),$G14>VLOOKUP($C14,_Données!$A$196:$E$211,3,FALSE()))),AND($H14<>"",IFERROR(VLOOKUP($C14,_Données!$A$196:$E$211,4,FALSE()),"")<>"",OR($H14<VLOOKUP($C14,_Données!$A$196:$E$211,4,FALSE()),$H14>VLOOKUP($C14,_Données!$A$196:$E$211,5,FALSE())))),FALSE),"",IFERROR(IF(AND($R14<>"",$R14<>"Aucune option",NOT(OR($C14="Porte Lourde 1 vantail",$C14="Porte Lourde 2 vantaux"))),"⚠ Option valable uniquement pour Porte Lourde",IF(AE14>0,"⚠ Option T/M incompatible avec la gamme",IF(V14=0,IF(AC14>0,AC14,""),IF(V14=-1,"⚠ Dimension non disponible",(V14+W14+X14+Z14+AA14+AB14+AD14)*(1-Paramètres!$B$2)+AC14)))),""))),"")),IFERROR(IF(ISNUMBER(IF(IFERROR(OR(AND($G14<>"",IFERROR(VLOOKUP($C14,_Données!$A$196:$E$211,2,FALSE()),"")<>"",OR($G14<VLOOKUP($C14,_Données!$A$196:$E$211,2,FALSE()),$G14>VLOOKUP($C14,_Données!$A$196:$E$211,3,FALSE()))),AND($H14<>"",IFERROR(VLOOKUP($C14,_Données!$A$196:$E$211,4,FALSE()),"")<>"",OR($H14<VLOOKUP($C14,_Données!$A$196:$E$211,4,FALSE()),$H14>VLOOKUP($C14,_Données!$A$196:$E$211,5,FALSE())))),FALSE),"",IFERROR(IF(AND($R14<>"",$R14<>"Aucune option",NOT(OR($C14="Porte Lourde 1 vantail",$C14="Porte Lourde 2 vantaux"))),"⚠ Option valable uniquement pour Porte Lourde",IF(AE14>0,"⚠ Option T/M incompatible avec la gamme",IF(V14=0,IF(AC14>0,AC14,""),IF(V14=-1,"⚠ Dimension non disponible",(V14+W14+X14+Z14+AA14+AB14+AD14)*(1-Paramètres!$B$2)+AC14)))),""))),IF(IFERROR(OR(AND($G14<>"",IFERROR(VLOOKUP($C14,_Données!$A$196:$E$211,2,FALSE()),"")<>"",OR($G14<VLOOKUP($C14,_Données!$A$196:$E$211,2,FALSE()),$G14>VLOOKUP($C14,_Données!$A$196:$E$211,3,FALSE()))),AND($H14<>"",IFERROR(VLOOKUP($C14,_Données!$A$196:$E$211,4,FALSE()),"")<>"",OR($H14<VLOOKUP($C14,_Données!$A$196:$E$211,4,FALSE()),$H14>VLOOKUP($C14,_Données!$A$196:$E$211,5,FALSE())))),FALSE),"",IFERROR(IF(AND($R14<>"",$R14<>"Aucune option",NOT(OR($C14="Porte Lourde 1 vantail",$C14="Porte Lourde 2 vantaux"))),"⚠ Option valable uniquement pour Porte Lourde",IF(AE14>0,"⚠ Option T/M incompatible avec la gamme",IF(V14=0,IF(AC14>0,AC14,""),IF(V14=-1,"⚠ Dimension non disponible",(V14+W14+X14+Z14+AA14+AB14+AD14)*(1-Paramètres!$B$2)+AC14)))),""))+IF($L14="OUI",25,0),IF(IFERROR(OR(AND($G14<>"",IFERROR(VLOOKUP($C14,_Données!$A$196:$E$211,2,FALSE()),"")<>"",OR($G14<VLOOKUP($C14,_Données!$A$196:$E$211,2,FALSE()),$G14>VLOOKUP($C14,_Données!$A$196:$E$211,3,FALSE()))),AND($H14<>"",IFERROR(VLOOKUP($C14,_Données!$A$196:$E$211,4,FALSE()),"")<>"",OR($H14<VLOOKUP($C14,_Données!$A$196:$E$211,4,FALSE()),$H14>VLOOKUP($C14,_Données!$A$196:$E$211,5,FALSE())))),FALSE),"",IFERROR(IF(AND($R14<>"",$R14<>"Aucune option",NOT(OR($C14="Porte Lourde 1 vantail",$C14="Porte Lourde 2 vantaux"))),"⚠ Option valable uniquement pour Porte Lourde",IF(AE14>0,"⚠ Option T/M incompatible avec la gamme",IF(V14=0,IF(AC14>0,AC14,""),IF(V14=-1,"⚠ Dimension non disponible",(V14+W14+X14+Z14+AA14+AB14+AD14)*(1-Paramètres!$B$2)+AC14)))),""))),"")+IFERROR(VLOOKUP($P14,_Données!$A$218:$B$229,2,FALSE())*($G14+2*$H14)/1000,0)+IFERROR(VLOOKUP($Q14,_Données!$A$232:$B$236,2,FALSE())*$G14/1000,0),IFERROR(IF(ISNUMBER(IF(IFERROR(OR(AND($G14<>"",IFERROR(VLOOKUP($C14,_Données!$A$196:$E$211,2,FALSE()),"")<>"",OR($G14<VLOOKUP($C14,_Données!$A$196:$E$211,2,FALSE()),$G14>VLOOKUP($C14,_Données!$A$196:$E$211,3,FALSE()))),AND($H14<>"",IFERROR(VLOOKUP($C14,_Données!$A$196:$E$211,4,FALSE()),"")<>"",OR($H14<VLOOKUP($C14,_Données!$A$196:$E$211,4,FALSE()),$H14>VLOOKUP($C14,_Données!$A$196:$E$211,5,FALSE())))),FALSE),"",IFERROR(IF(AND($R14<>"",$R14<>"Aucune option",NOT(OR($C14="Porte Lourde 1 vantail",$C14="Porte Lourde 2 vantaux"))),"⚠ Option valable uniquement pour Porte Lourde",IF(AE14>0,"⚠ Option T/M incompatible avec la gamme",IF(V14=0,IF(AC14>0,AC14,""),IF(V14=-1,"⚠ Dimension non disponible",(V14+W14+X14+Z14+AA14+AB14+AD14)*(1-Paramètres!$B$2)+AC14)))),""))),IF(IFERROR(OR(AND($G14<>"",IFERROR(VLOOKUP($C14,_Données!$A$196:$E$211,2,FALSE()),"")<>"",OR($G14<VLOOKUP($C14,_Données!$A$196:$E$211,2,FALSE()),$G14>VLOOKUP($C14,_Données!$A$196:$E$211,3,FALSE()))),AND($H14<>"",IFERROR(VLOOKUP($C14,_Données!$A$196:$E$211,4,FALSE()),"")<>"",OR($H14<VLOOKUP($C14,_Données!$A$196:$E$211,4,FALSE()),$H14>VLOOKUP($C14,_Données!$A$196:$E$211,5,FALSE())))),FALSE),"",IFERROR(IF(AND($R14<>"",$R14<>"Aucune option",NOT(OR($C14="Porte Lourde 1 vantail",$C14="Porte Lourde 2 vantaux"))),"⚠ Option valable uniquement pour Porte Lourde",IF(AE14>0,"⚠ Option T/M incompatible avec la gamme",IF(V14=0,IF(AC14>0,AC14,""),IF(V14=-1,"⚠ Dimension non disponible",(V14+W14+X14+Z14+AA14+AB14+AD14)*(1-Paramètres!$B$2)+AC14)))),""))+IF($L14="OUI",25,0),IF(IFERROR(OR(AND($G14<>"",IFERROR(VLOOKUP($C14,_Données!$A$196:$E$211,2,FALSE()),"")<>"",OR($G14<VLOOKUP($C14,_Données!$A$196:$E$211,2,FALSE()),$G14>VLOOKUP($C14,_Données!$A$196:$E$211,3,FALSE()))),AND($H14<>"",IFERROR(VLOOKUP($C14,_Données!$A$196:$E$211,4,FALSE()),"")<>"",OR($H14<VLOOKUP($C14,_Données!$A$196:$E$211,4,FALSE()),$H14>VLOOKUP($C14,_Données!$A$196:$E$211,5,FALSE())))),FALSE),"",IFERROR(IF(AND($R14<>"",$R14<>"Aucune option",NOT(OR($C14="Porte Lourde 1 vantail",$C14="Porte Lourde 2 vantaux"))),"⚠ Option valable uniquement pour Porte Lourde",IF(AE14>0,"⚠ Option T/M incompatible avec la gamme",IF(V14=0,IF(AC14>0,AC14,""),IF(V14=-1,"⚠ Dimension non disponible",(V14+W14+X14+Z14+AA14+AB14+AD14)*(1-Paramètres!$B$2)+AC14)))),""))),"")),"") -> 1198.931 | T14: =IFERROR(IF(OR(S14="",ISTEXT(S14)),"",S14*$I14),"") -> 1198.931 | V14: =IFERROR(IF(OR($C14="",$G14="",$H14=""),0,IF(INDIRECT("'"&VLOOKUP($C14,_Données!$A$3:$V$18,2,FALSE())&"'!"&ADDRESS((VLOOKUP($C14,_Données!$A$3:$V$18,12,FALSE())+IFERROR(MATCH(MAX(VLOOKUP($C14,_Données!$A$3:$V$18,18,FALSE()),MIN(VLOOKUP($C14,_Données!$A$3:$V$18,6,FALSE()),(VLOOKUP($C14,_Données!$A$3:$V$18,18,FALSE())+ROUND(($H14-VLOOKUP($C14,_Données!$A$3:$V$18,18,FALSE()))/VLOOKUP($C14,_Données!$A$3:$V$18,19,FALSE()),0)*VLOOKUP($C14,_Données!$A$3:$V$18,19,FALSE())))),INDIRECT("'"&VLOOKUP($C14,_Données!$A$3:$V$18,2,FALSE())&"'!"&ADDRESS(VLOOKUP($C14,_Données!$A$3:$V$18,12,FALSE()),1,4)&":"&ADDRESS(VLOOKUP($C14,_Données!$A$3:$V$18,12,FALSE())+VLOOKUP($C14,_Données!$A$3:$V$18,15,FALSE())-1,1,4)),0),MATCH(MAX(VLOOKUP($C14,_Données!$A$3:$V$18,18,FALSE()),MIN(VLOOKUP($C14,_Données!$A$3:$V$18,6,FALSE()),(VLOOKUP($C14,_Données!$A$3:$V$18,18,FALSE())+ROUND(($H14-VLOOKUP($C14,_Données!$A$3:$V$18,18,FALSE()))/VLOOKUP($C14,_Données!$A$3:$V$18,19,FALSE()),0)*VLOOKUP($C14,_Données!$A$3:$V$18,19,FALSE())))),INDIRECT("'"&VLOOKUP($C14,_Données!$A$3:$V$18,2,FALSE())&"'!"&ADDRESS(VLOOKUP($C14,_Données!$A$3:$V$18,12,FALSE()),1,4)&":"&ADDRESS(VLOOKUP($C14,_Données!$A$3:$V$18,12,FALSE())+VLOOKUP($C14,_Données!$A$3:$V$18,15,FALSE())-1,1,4)),1))-1),(VLOOKUP($C14,_Données!$A$3:$V$18,13,FALSE())+IFERROR(MATCH(MAX(VLOOKUP($C14,_Données!$A$3:$V$18,16,FALSE()),MIN(VLOOKUP($C14,_Données!$A$3:$V$18,4,FALSE()),(VLOOKUP($C14,_Données!$A$3:$V$18,16,FALSE())+ROUND(($G14-VLOOKUP($C14,_Données!$A$3:$V$18,16,FALSE()))/VLOOKUP($C14,_Données!$A$3:$V$18,17,FALSE()),0)*VLOOKUP($C14,_Données!$A$3:$V$18,17,FALSE())))),INDIRECT("'"&VLOOKUP($C14,_Données!$A$3:$V$18,2,FALSE())&"'!"&ADDRESS(VLOOKUP($C14,_Données!$A$3:$V$18,12,FALSE())-1,VLOOKUP($C14,_Données!$A$3:$V$18,13,FALSE()),4)&":"&ADDRESS(VLOOKUP($C14,_Données!$A$3:$V$18,12,FALSE())-1,VLOOKUP($C14,_Données!$A$3:$V$18,13,FALSE())+VLOOKUP($C14,_Données!$A$3:$V$18,14,FALSE())-1,4)),0),MATCH(MAX(VLOOKUP($C14,_Données!$A$3:$V$18,16,FALSE()),MIN(VLOOKUP($C14,_Données!$A$3:$V$18,4,FALSE()),(VLOOKUP($C14,_Données!$A$3:$V$18,16,FALSE())+ROUND(($G14-VLOOKUP($C14,_Données!$A$3:$V$18,16,FALSE()))/VLOOKUP($C14,_Données!$A$3:$V$18,17,FALSE()),0)*VLOOKUP($C14,_Données!$A$3:$V$18,17,FALSE())))),INDIRECT("'"&VLOOKUP($C14,_Données!$A$3:$V$18,2,FALSE())&"'!"&ADDRESS(VLOOKUP($C14,_Données!$A$3:$V$18,12,FALSE())-1,VLOOKUP($C14,_Données!$A$3:$V$18,13,FALSE()),4)&":"&ADDRESS(VLOOKUP($C14,_Données!$A$3:$V$18,12,FALSE())-1,VLOOKUP($C14,_Données!$A$3:$V$18,13,FALSE())+VLOOKUP($C14,_Données!$A$3:$V$18,14,FALSE())-1,4)),1))-1),4))="",-1,INDIRECT("'"&VLOOKUP($C14,_Données!$A$3:$V$18,2,FALSE())&"'!"&ADDRESS((VLOOKUP($C14,_Données!$A$3:$V$18,12,FALSE())+IFERROR(MATCH(MAX(VLOOKUP($C14,_Données!$A$3:$V$18,18,FALSE()),MIN(VLOOKUP($C14,_Données!$A$3:$V$18,6,FALSE()),(VLOOKUP($C14,_Données!$A$3:$V$18,18,FALSE())+ROUND(($H14-VLOOKUP($C14,_Données!$A$3:$V$18,18,FALSE()))/VLOOKUP($C14,_Données!$A$3:$V$18,19,FALSE()),0)*VLOOKUP($C14,_Données!$A$3:$V$18,19,FALSE())))),INDIRECT("'"&VLOOKUP($C14,_Données!$A$3:$V$18,2,FALSE())&"'!"&ADDRESS(VLOOKUP($C14,_Données!$A$3:$V$18,12,FALSE()),1,4)&":"&ADDRESS(VLOOKUP($C14,_Données!$A$3:$V$18,12,FALSE())+VLOOKUP($C14,_Données!$A$3:$V$18,15,FALSE())-1,1,4)),0),MATCH(MAX(VLOOKUP($C14,_Données!$A$3:$V$18,18,FALSE()),MIN(VLOOKUP($C14,_Données!$A$3:$V$18,6,FALSE()),(VLOOKUP($C14,_Données!$A$3:$V$18,18,FALSE())+ROUND(($H14-VLOOKUP($C14,_Données!$A$3:$V$18,18,FALSE()))/VLOOKUP($C14,_Données!$A$3:$V$18,19,FALSE()),0)*VLOOKUP($C14,_Données!$A$3:$V$18,19,FALSE())))),INDIRECT("'"&VLOOKUP($C14,_Données!$A$3:$V$18,2,FALSE())&"'!"&ADDRESS(VLOOKUP($C14,_Données!$A$3:$V$18,12,FALSE()),1,4)&":"&ADDRESS(VLOOKUP($C14,_Données!$A$3:$V$18,12,FALSE())+VLOOKUP($C14,_Données!$A$3:$V$18,15,FALSE())-1,1,4)),1))-1),(VLOOKUP($C14,_Données!$A$3:$V$18,13,FALSE())+IFERROR(MATCH(MAX(VLOOKUP($C14,_Données!$A$3:$V$18,16,FALSE()),MIN(VLOOKUP($C14,_Données!$A$3:$V$18,4,FALSE()),(VLOOKUP($C14,_Données!$A$3:$V$18,16,FALSE())+ROUND(($G14-VLOOKUP($C14,_Données!$A$3:$V$18,16,FALSE()))/VLOOKUP($C14,_Données!$A$3:$V$18,17,FALSE()),0)*VLOOKUP($C14,_Données!$A$3:$V$18,17,FALSE())))),INDIRECT("'"&VLOOKUP($C14,_Données!$A$3:$V$18,2,FALSE())&"'!"&ADDRESS(VLOOKUP($C14,_Données!$A$3:$V$18,12,FALSE())-1,VLOOKUP($C14,_Données!$A$3:$V$18,13,FALSE()),4)&":"&ADDRESS(VLOOKUP($C14,_Données!$A$3:$V$18,12,FALSE())-1,VLOOKUP($C14,_Données!$A$3:$V$18,13,FALSE())+VLOOKUP($C14,_Données!$A$3:$V$18,14,FALSE())-1,4)),0),MATCH(MAX(VLOOKUP($C14,_Données!$A$3:$V$18,16,FALSE()),MIN(VLOOKUP($C14,_Données!$A$3:$V$18,4,FALSE()),(VLOOKUP($C14,_Données!$A$3:$V$18,16,FALSE())+ROUND(($G14-VLOOKUP($C14,_Données!$A$3:$V$18,16,FALSE()))/VLOOKUP($C14,_Données!$A$3:$V$18,17,FALSE()),0)*VLOOKUP($C14,_Données!$A$3:$V$18,17,FALSE())))),INDIRECT("'"&VLOOKUP($C14,_Données!$A$3:$V$18,2,FALSE())&"'!"&ADDRESS(VLOOKUP($C14,_Données!$A$3:$V$18,12,FALSE())-1,VLOOKUP($C14,_Données!$A$3:$V$18,13,FALSE()),4)&":"&ADDRESS(VLOOKUP($C14,_Données!$A$3:$V$18,12,FALSE())-1,VLOOKUP($C14,_Données!$A$3:$V$18,13,FALSE())+VLOOKUP($C14,_Données!$A$3:$V$18,14,FALSE())-1,4)),1))-1),4)))),0) -> 1997 | W14: =IFERROR(IF(V14=0,0,IF(MAX(VLOOKUP($C14,_Données!$A$3:$V$18,18,FALSE()),MIN(VLOOKUP($C14,_Données!$A$3:$V$18,6,FALSE()),(VLOOKUP($C14,_Données!$A$3:$V$18,18,FALSE())+ROUND(($H14-VLOOKUP($C14,_Données!$A$3:$V$18,18,FALSE()))/VLOOKUP($C14,_Données!$A$3:$V$18,19,FALSE()),0)*VLOOKUP($C14,_Données!$A$3:$V$18,19,FALSE()))))>=VLOOKUP($C14,_Données!$A$3:$V$18,10,FALSE()),V14*VLOOKUP($C14,_Données!$A$3:$V$18,11,FALSE()),0)),0) -> 0 | X14: =IFERROR(IF(OR($D14="",V14=0),0,V14*VLOOKUP($D14,_Données!$A$21:$C$28,2,FALSE())),0) -> 0 | Y14: =IFERROR(IF($D14="",0,VLOOKUP($D14,_Données!$A$21:$C$28,3,FALSE())),0) -> 0 | Z14: =IFERROR(IF($E14="",0,VLOOKUP($E14,_Données!$A$48:$C$104,2,FALSE())),0) -> 0 | AA14: =IFERROR(IF(OR($F14="",$G14="",$H14=""),0,VLOOKUP($F14,_Données!$A$33:$C$43,2,FALSE())*2*($G14+$H14)/1000),0) -> 0 | AB14: =IFERROR(IF(OR($F14="",V14=0),0,V14*VLOOKUP($F14,_Données!$A$33:$C$43,3,FALSE())),0) -> 0 | AC14: =IFERROR(IF(OR($R14="",$R14="Aucune option",NOT(OR($C14="Porte Lourde 1 vantail",$C14="Porte Lourde 2 vantaux"))),0,VLOOKUP($R14,_Données!$A$109:$C$125,2,FALSE())*0.75*IF(VLOOKUP($R14,_Données!$A$109:$C$125,3,FALSE())=1,IF($C14="Porte Lourde 1 vantail",1,IF($C14="Porte Lourde 2 vantaux",2,1)),1)*(1-Paramètres!$B$2)),0) -> 0 | AD14: =IFERROR(IF(OR($M14="",$M14="Aucune"),0,VLOOKUP($C14&"|"&$M14,_Données!$A$132:$B$146,2,FALSE())*IF(LEFT($M14,8)="Traverse",$G14,$H14)/1000),0)+IFERROR(IF(OR($N14="",$N14="Aucune"),0,VLOOKUP($C14&"|"&$N14,_Données!$A$132:$B$146,2,FALSE())*IF(LEFT($N14,8)="Traverse",$G14,$H14)/1000),0)+IFERROR(IF(OR($O14="",$O14="Aucune"),0,VLOOKUP($C14&"|"&$O14,_Données!$A$132:$B$146,2,FALSE())*IF(LEFT($O14,8)="Traverse",$G14,$H14)/1000),0) -> 0 | AE14: =IF(AND($M14<>"",$M14<>"Aucune"),IF(ISNA(VLOOKUP($C14&"|"&$M14,_Données!$A$132:$B$146,2,FALSE())),1,0),0)+IF(AND($N14<>"",$N14<>"Aucune"),IF(ISNA(VLOOKUP($C14&"|"&$N14,_Données!$A$132:$B$146,2,FALSE())),1,0),0)+IF(AND($O14<>"",$O14<>"Aucune"),IF(ISNA(VLOOKUP($C14&"|"&$O14,_Données!$A$132:$B$146,2,FALSE())),1,0),0) -> 0 | AF14: =IF(LEFT($M14,8)="Traverse",$M14,"") | AG14: =IF(LEFT($N14,8)="Traverse",$N14,"") | AH14: =IF(LEFT($O14,8)="Traverse",$O14,"") | AI14: =IF(LEFT($M14,6)="Meneau",$M14,"") | AJ14: =IF(LEFT($N14,6)="Meneau",$N14,"") | AK14: =IF(LEFT($O14,6)="Meneau",$O14,"") | AL14: =IF(AND(AF14="",AG14="",AH14=""),"",CHAR(10)&"Traverses : "&AF14&IF(AND(AF14<>"",AG14<>""),", ","")&AG14&IF(AND(OR(AF14<>"",AG14<>""),AH14<>""),", ","")&AH14) | AM14: =IF(AND(AI14="",AJ14="",AK14=""),"",CHAR(10)&"Meneaux : "&AI14&IF(AND(AI14<>"",AJ14<>""),", ","")&AJ14&IF(AND(OR(AI14<>"",AJ14<>""),AK14<>""),", ","")&AK14)
A15: 2 | S15: =IFERROR(IF(ISNUMBER(IFERROR(IF(ISNUMBER(IF(IFERROR(OR(AND($G15<>"",IFERROR(VLOOKUP($C15,_Données!$A$196:$E$211,2,FALSE()),"")<>"",OR($G15<VLOOKUP($C15,_Données!$A$196:$E$211,2,FALSE()),$G15>VLOOKUP($C15,_Données!$A$196:$E$211,3,FALSE()))),AND($H15<>"",IFERROR(VLOOKUP($C15,_Données!$A$196:$E$211,4,FALSE()),"")<>"",OR($H15<VLOOKUP($C15,_Données!$A$196:$E$211,4,FALSE()),$H15>VLOOKUP($C15,_Données!$A$196:$E$211,5,FALSE())))),FALSE),"",IFERROR(IF(AND($R15<>"",$R15<>"Aucune option",NOT(OR($C15="Porte Lourde 1 vantail",$C15="Porte Lourde 2 vantaux"))),"⚠ Option valable uniquement pour Porte Lourde",IF(AE15>0,"⚠ Option T/M incompatible avec la gamme",IF(V15=0,IF(AC15>0,AC15,""),IF(V15=-1,"⚠ Dimension non disponible",(V15+W15+X15+Z15+AA15+AB15+AD15)*(1-Paramètres!$B$2)+AC15)))),""))),IF(IFERROR(OR(AND($G15<>"",IFERROR(VLOOKUP($C15,_Données!$A$196:$E$211,2,FALSE()),"")<>"",OR($G15<VLOOKUP($C15,_Données!$A$196:$E$211,2,FALSE()),$G15>VLOOKUP($C15,_Données!$A$196:$E$211,3,FALSE()))),AND($H15<>"",IFERROR(VLOOKUP($C15,_Données!$A$196:$E$211,4,FALSE()),"")<>"",OR($H15<VLOOKUP($C15,_Données!$A$196:$E$211,4,FALSE()),$H15>VLOOKUP($C15,_Données!$A$196:$E$211,5,FALSE())))),FALSE),"",IFERROR(IF(AND($R15<>"",$R15<>"Aucune option",NOT(OR($C15="Porte Lourde 1 vantail",$C15="Porte Lourde 2 vantaux"))),"⚠ Option valable uniquement pour Porte Lourde",IF(AE15>0,"⚠ Option T/M incompatible avec la gamme",IF(V15=0,IF(AC15>0,AC15,""),IF(V15=-1,"⚠ Dimension non disponible",(V15+W15+X15+Z15+AA15+AB15+AD15)*(1-Paramètres!$B$2)+AC15)))),""))+IF($L15="OUI",25,0),IF(IFERROR(OR(AND($G15<>"",IFERROR(VLOOKUP($C15,_Données!$A$196:$E$211,2,FALSE()),"")<>"",OR($G15<VLOOKUP($C15,_Données!$A$196:$E$211,2,FALSE()),$G15>VLOOKUP($C15,_Données!$A$196:$E$211,3,FALSE()))),AND($H15<>"",IFERROR(VLOOKUP($C15,_Données!$A$196:$E$211,4,FALSE()),"")<>"",OR($H15<VLOOKUP($C15,_Données!$A$196:$E$211,4,FALSE()),$H15>VLOOKUP($C15,_Données!$A$196:$E$211,5,FALSE())))),FALSE),"",IFERROR(IF(AND($R15<>"",$R15<>"Aucune option",NOT(OR($C15="Porte Lourde 1 vantail",$C15="Porte Lourde 2 vantaux"))),"⚠ Option valable uniquement pour Porte Lourde",IF(AE15>0,"⚠ Option T/M incompatible avec la gamme",IF(V15=0,IF(AC15>0,AC15,""),IF(V15=-1,"⚠ Dimension non disponible",(V15+W15+X15+Z15+AA15+AB15+AD15)*(1-Paramètres!$B$2)+AC15)))),""))),"")),IFERROR(IF(ISNUMBER(IF(IFERROR(OR(AND($G15<>"",IFERROR(VLOOKUP($C15,_Données!$A$196:$E$211,2,FALSE()),"")<>"",OR($G15<VLOOKUP($C15,_Données!$A$196:$E$211,2,FALSE()),$G15>VLOOKUP($C15,_Données!$A$196:$E$211,3,FALSE()))),AND($H15<>"",IFERROR(VLOOKUP($C15,_Données!$A$196:$E$211,4,FALSE()),"")<>"",OR($H15<VLOOKUP($C15,_Données!$A$196:$E$211,4,FALSE()),$H15>VLOOKUP($C15,_Données!$A$196:$E$211,5,FALSE())))),FALSE),"",IFERROR(IF(AND($R15<>"",$R15<>"Aucune option",NOT(OR($C15="Porte Lourde 1 vantail",$C15="Porte Lourde 2 vantaux"))),"⚠ Option valable uniquement pour Porte Lourde",IF(AE15>0,"⚠ Option T/M incompatible avec la gamme",IF(V15=0,IF(AC15>0,AC15,""),IF(V15=-1,"⚠ Dimension non disponible",(V15+W15+X15+Z15+AA15+AB15+AD15)*(1-Paramètres!$B$2)+AC15)))),""))),IF(IFERROR(OR(AND($G15<>"",IFERROR(VLOOKUP($C15,_Données!$A$196:$E$211,2,FALSE()),"")<>"",OR($G15<VLOOKUP($C15,_Données!$A$196:$E$211,2,FALSE()),$G15>VLOOKUP($C15,_Données!$A$196:$E$211,3,FALSE()))),AND($H15<>"",IFERROR(VLOOKUP($C15,_Données!$A$196:$E$211,4,FALSE()),"")<>"",OR($H15<VLOOKUP($C15,_Données!$A$196:$E$211,4,FALSE()),$H15>VLOOKUP($C15,_Données!$A$196:$E$211,5,FALSE())))),FALSE),"",IFERROR(IF(AND($R15<>"",$R15<>"Aucune option",NOT(OR($C15="Porte Lourde 1 vantail",$C15="Porte Lourde 2 vantaux"))),"⚠ Option valable uniquement pour Porte Lourde",IF(AE15>0,"⚠ Option T/M incompatible avec la gamme",IF(V15=0,IF(AC15>0,AC15,""),IF(V15=-1,"⚠ Dimension non disponible",(V15+W15+X15+Z15+AA15+AB15+AD15)*(1-Paramètres!$B$2)+AC15)))),""))+IF($L15="OUI",25,0),IF(IFERROR(OR(AND($G15<>"",IFERROR(VLOOKUP($C15,_Données!$A$196:$E$211,2,FALSE()),"")<>"",OR($G15<VLOOKUP($C15,_Données!$A$196:$E$211,2,FALSE()),$G15>VLOOKUP($C15,_Données!$A$196:$E$211,3,FALSE()))),AND($H15<>"",IFERROR(VLOOKUP($C15,_Données!$A$196:$E$211,4,FALSE()),"")<>"",OR($H15<VLOOKUP($C15,_Données!$A$196:$E$211,4,FALSE()),$H15>VLOOKUP($C15,_Données!$A$196:$E$211,5,FALSE())))),FALSE),"",IFERROR(IF(AND($R15<>"",$R15<>"Aucune option",NOT(OR($C15="Porte Lourde 1 vantail",$C15="Porte Lourde 2 vantaux"))),"⚠ Option valable uniquement pour Porte Lourde",IF(AE15>0,"⚠ Option T/M incompatible avec la gamme",IF(V15=0,IF(AC15>0,AC15,""),IF(V15=-1,"⚠ Dimension non disponible",(V15+W15+X15+Z15+AA15+AB15+AD15)*(1-Paramètres!$B$2)+AC15)))),""))),"")+IFERROR(VLOOKUP($P15,_Données!$A$218:$B$229,2,FALSE())*($G15+2*$H15)/1000,0)+IFERROR(VLOOKUP($Q15,_Données!$A$232:$B$236,2,FALSE())*$G15/1000,0),IFERROR(IF(ISNUMBER(IF(IFERROR(OR(AND($G15<>"",IFERROR(VLOOKUP($C15,_Données!$A$196:$E$211,2,FALSE()),"")<>"",OR($G15<VLOOKUP($C15,_Données!$A$196:$E$211,2,FALSE()),$G15>VLOOKUP($C15,_Données!$A$196:$E$211,3,FALSE()))),AND($H15<>"",IFERROR(VLOOKUP($C15,_Données!$A$196:$E$211,4,FALSE()),"")<>"",OR($H15<VLOOKUP($C15,_Données!$A$196:$E$211,4,FALSE()),$H15>VLOOKUP($C15,_Données!$A$196:$E$211,5,FALSE())))),FALSE),"",IFERROR(IF(AND($R15<>"",$R15<>"Aucune option",NOT(OR($C15="Porte Lourde 1 vantail",$C15="Porte Lourde 2 vantaux"))),"⚠ Option valable uniquement pour Porte Lourde",IF(AE15>0,"⚠ Option T/M incompatible avec la gamme",IF(V15=0,IF(AC15>0,AC15,""),IF(V15=-1,"⚠ Dimension non disponible",(V15+W15+X15+Z15+AA15+AB15+AD15)*(1-Paramètres!$B$2)+AC15)))),""))),IF(IFERROR(OR(AND($G15<>"",IFERROR(VLOOKUP($C15,_Données!$A$196:$E$211,2,FALSE()),"")<>"",OR($G15<VLOOKUP($C15,_Données!$A$196:$E$211,2,FALSE()),$G15>VLOOKUP($C15,_Données!$A$196:$E$211,3,FALSE()))),AND($H15<>"",IFERROR(VLOOKUP($C15,_Données!$A$196:$E$211,4,FALSE()),"")<>"",OR($H15<VLOOKUP($C15,_Données!$A$196:$E$211,4,FALSE()),$H15>VLOOKUP($C15,_Données!$A$196:$E$211,5,FALSE())))),FALSE),"",IFERROR(IF(AND($R15<>"",$R15<>"Aucune option",NOT(OR($C15="Porte Lourde 1 vantail",$C15="Porte Lourde 2 vantaux"))),"⚠ Option valable uniquement pour Porte Lourde",IF(AE15>0,"⚠ Option T/M incompatible avec la gamme",IF(V15=0,IF(AC15>0,AC15,""),IF(V15=-1,"⚠ Dimension non disponible",(V15+W15+X15+Z15+AA15+AB15+AD15)*(1-Paramètres!$B$2)+AC15)))),""))+IF($L15="OUI",25,0),IF(IFERROR(OR(AND($G15<>"",IFERROR(VLOOKUP($C15,_Données!$A$196:$E$211,2,FALSE()),"")<>"",OR($G15<VLOOKUP($C15,_Données!$A$196:$E$211,2,FALSE()),$G15>VLOOKUP($C15,_Données!$A$196:$E$211,3,FALSE()))),AND($H15<>"",IFERROR(VLOOKUP($C15,_Données!$A$196:$E$211,4,FALSE()),"")<>"",OR($H15<VLOOKUP($C15,_Données!$A$196:$E$211,4,FALSE()),$H15>VLOOKUP($C15,_Données!$A$196:$E$211,5,FALSE())))),FALSE),"",IFERROR(IF(AND($R15<>"",$R15<>"Aucune option",NOT(OR($C15="Porte Lourde 1 vantail",$C15="Porte Lourde 2 vantaux"))),"⚠ Option valable uniquement pour Porte Lourde",IF(AE15>0,"⚠ Option T/M incompatible avec la gamme",IF(V15=0,IF(AC15>0,AC15,""),IF(V15=-1,"⚠ Dimension non disponible",(V15+W15+X15+Z15+AA15+AB15+AD15)*(1-Paramètres!$B$2)+AC15)))),""))),"")),"") | T15: =IFERROR(IF(OR(S15="",ISTEXT(S15)),"",S15*$I15),"") | V15: =IFERROR(IF(OR($C15="",$G15="",$H15=""),0,IF(INDIRECT("'"&VLOOKUP($C15,_Données!$A$3:$V$18,2,FALSE())&"'!"&ADDRESS((VLOOKUP($C15,_Données!$A$3:$V$18,12,FALSE())+IFERROR(MATCH(MAX(VLOOKUP($C15,_Données!$A$3:$V$18,18,FALSE()),MIN(VLOOKUP($C15,_Données!$A$3:$V$18,6,FALSE()),(VLOOKUP($C15,_Données!$A$3:$V$18,18,FALSE())+ROUND(($H15-VLOOKUP($C15,_Données!$A$3:$V$18,18,FALSE()))/VLOOKUP($C15,_Données!$A$3:$V$18,19,FALSE()),0)*VLOOKUP($C15,_Données!$A$3:$V$18,19,FALSE())))),INDIRECT("'"&VLOOKUP($C15,_Données!$A$3:$V$18,2,FALSE())&"'!"&ADDRESS(VLOOKUP($C15,_Données!$A$3:$V$18,12,FALSE()),1,4)&":"&ADDRESS(VLOOKUP($C15,_Données!$A$3:$V$18,12,FALSE())+VLOOKUP($C15,_Données!$A$3:$V$18,15,FALSE())-1,1,4)),0),MATCH(MAX(VLOOKUP($C15,_Données!$A$3:$V$18,18,FALSE()),MIN(VLOOKUP($C15,_Données!$A$3:$V$18,6,FALSE()),(VLOOKUP($C15,_Données!$A$3:$V$18,18,FALSE())+ROUND(($H15-VLOOKUP($C15,_Données!$A$3:$V$18,18,FALSE()))/VLOOKUP($C15,_Données!$A$3:$V$18,19,FALSE()),0)*VLOOKUP($C15,_Données!$A$3:$V$18,19,FALSE())))),INDIRECT("'"&VLOOKUP($C15,_Données!$A$3:$V$18,2,FALSE())&"'!"&ADDRESS(VLOOKUP($C15,_Données!$A$3:$V$18,12,FALSE()),1,4)&":"&ADDRESS(VLOOKUP($C15,_Données!$A$3:$V$18,12,FALSE())+VLOOKUP($C15,_Données!$A$3:$V$18,15,FALSE())-1,1,4)),1))-1),(VLOOKUP($C15,_Données!$A$3:$V$18,13,FALSE())+IFERROR(MATCH(MAX(VLOOKUP($C15,_Données!$A$3:$V$18,16,FALSE()),MIN(VLOOKUP($C15,_Données!$A$3:$V$18,4,FALSE()),(VLOOKUP($C15,_Données!$A$3:$V$18,16,FALSE())+ROUND(($G15-VLOOKUP($C15,_Données!$A$3:$V$18,16,FALSE()))/VLOOKUP($C15,_Données!$A$3:$V$18,17,FALSE()),0)*VLOOKUP($C15,_Données!$A$3:$V$18,17,FALSE())))),INDIRECT("'"&VLOOKUP($C15,_Données!$A$3:$V$18,2,FALSE())&"'!"&ADDRESS(VLOOKUP($C15,_Données!$A$3:$V$18,12,FALSE())-1,VLOOKUP($C15,_Données!$A$3:$V$18,13,FALSE()),4)&":"&ADDRESS(VLOOKUP($C15,_Données!$A$3:$V$18,12,FALSE())-1,VLOOKUP($C15,_Données!$A$3:$V$18,13,FALSE())+VLOOKUP($C15,_Données!$A$3:$V$18,14,FALSE())-1,4)),0),MATCH(MAX(VLOOKUP($C15,_Données!$A$3:$V$18,16,FALSE()),MIN(VLOOKUP($C15,_Données!$A$3:$V$18,4,FALSE()),(VLOOKUP($C15,_Données!$A$3:$V$18,16,FALSE())+ROUND(($G15-VLOOKUP($C15,_Données!$A$3:$V$18,16,FALSE()))/VLOOKUP($C15,_Données!$A$3:$V$18,17,FALSE()),0)*VLOOKUP($C15,_Données!$A$3:$V$18,17,FALSE())))),INDIRECT("'"&VLOOKUP($C15,_Données!$A$3:$V$18,2,FALSE())&"'!"&ADDRESS(VLOOKUP($C15,_Données!$A$3:$V$18,12,FALSE())-1,VLOOKUP($C15,_Données!$A$3:$V$18,13,FALSE()),4)&":"&ADDRESS(VLOOKUP($C15,_Données!$A$3:$V$18,12,FALSE())-1,VLOOKUP($C15,_Données!$A$3:$V$18,13,FALSE())+VLOOKUP($C15,_Données!$A$3:$V$18,14,FALSE())-1,4)),1))-1),4))="",-1,INDIRECT("'"&VLOOKUP($C15,_Données!$A$3:$V$18,2,FALSE())&"'!"&ADDRESS((VLOOKUP($C15,_Données!$A$3:$V$18,12,FALSE())+IFERROR(MATCH(MAX(VLOOKUP($C15,_Données!$A$3:$V$18,18,FALSE()),MIN(VLOOKUP($C15,_Données!$A$3:$V$18,6,FALSE()),(VLOOKUP($C15,_Données!$A$3:$V$18,18,FALSE())+ROUND(($H15-VLOOKUP($C15,_Données!$A$3:$V$18,18,FALSE()))/VLOOKUP($C15,_Données!$A$3:$V$18,19,FALSE()),0)*VLOOKUP($C15,_Données!$A$3:$V$18,19,FALSE())))),INDIRECT("'"&VLOOKUP($C15,_Données!$A$3:$V$18,2,FALSE())&"'!"&ADDRESS(VLOOKUP($C15,_Données!$A$3:$V$18,12,FALSE()),1,4)&":"&ADDRESS(VLOOKUP($C15,_Données!$A$3:$V$18,12,FALSE())+VLOOKUP($C15,_Données!$A$3:$V$18,15,FALSE())-1,1,4)),0),MATCH(MAX(VLOOKUP($C15,_Données!$A$3:$V$18,18,FALSE()),MIN(VLOOKUP($C15,_Données!$A$3:$V$18,6,FALSE()),(VLOOKUP($C15,_Données!$A$3:$V$18,18,FALSE())+ROUND(($H15-VLOOKUP($C15,_Données!$A$3:$V$18,18,FALSE()))/VLOOKUP($C15,_Données!$A$3:$V$18,19,FALSE()),0)*VLOOKUP($C15,_Données!$A$3:$V$18,19,FALSE())))),INDIRECT("'"&VLOOKUP($C15,_Données!$A$3:$V$18,2,FALSE())&"'!"&ADDRESS(VLOOKUP($C15,_Données!$A$3:$V$18,12,FALSE()),1,4)&":"&ADDRESS(VLOOKUP($C15,_Données!$A$3:$V$18,12,FALSE())+VLOOKUP($C15,_Données!$A$3:$V$18,15,FALSE())-1,1,4)),1))-1),(VLOOKUP($C15,_Données!$A$3:$V$18,13,FALSE())+IFERROR(MATCH(MAX(VLOOKUP($C15,_Données!$A$3:$V$18,16,FALSE()),MIN(VLOOKUP($C15,_Données!$A$3:$V$18,4,FALSE()),(VLOOKUP($C15,_Données!$A$3:$V$18,16,FALSE())+ROUND(($G15-VLOOKUP($C15,_Données!$A$3:$V$18,16,FALSE()))/VLOOKUP($C15,_Données!$A$3:$V$18,17,FALSE()),0)*VLOOKUP($C15,_Données!$A$3:$V$18,17,FALSE())))),INDIRECT("'"&VLOOKUP($C15,_Données!$A$3:$V$18,2,FALSE())&"'!"&ADDRESS(VLOOKUP($C15,_Données!$A$3:$V$18,12,FALSE())-1,VLOOKUP($C15,_Données!$A$3:$V$18,13,FALSE()),4)&":"&ADDRESS(VLOOKUP($C15,_Données!$A$3:$V$18,12,FALSE())-1,VLOOKUP($C15,_Données!$A$3:$V$18,13,FALSE())+VLOOKUP($C15,_Données!$A$3:$V$18,14,FALSE())-1,4)),0),MATCH(MAX(VLOOKUP($C15,_Données!$A$3:$V$18,16,FALSE()),MIN(VLOOKUP($C15,_Données!$A$3:$V$18,4,FALSE()),(VLOOKUP($C15,_Données!$A$3:$V$18,16,FALSE())+ROUND(($G15-VLOOKUP($C15,_Données!$A$3:$V$18,16,FALSE()))/VLOOKUP($C15,_Données!$A$3:$V$18,17,FALSE()),0)*VLOOKUP($C15,_Données!$A$3:$V$18,17,FALSE())))),INDIRECT("'"&VLOOKUP($C15,_Données!$A$3:$V$18,2,FALSE())&"'!"&ADDRESS(VLOOKUP($C15,_Données!$A$3:$V$18,12,FALSE())-1,VLOOKUP($C15,_Données!$A$3:$V$18,13,FALSE()),4)&":"&ADDRESS(VLOOKUP($C15,_Données!$A$3:$V$18,12,FALSE())-1,VLOOKUP($C15,_Données!$A$3:$V$18,13,FALSE())+VLOOKUP($C15,_Données!$A$3:$V$18,14,FALSE())-1,4)),1))-1),4)))),0) -> 0 | W15: =IFERROR(IF(V15=0,0,IF(MAX(VLOOKUP($C15,_Données!$A$3:$V$18,18,FALSE()),MIN(VLOOKUP($C15,_Données!$A$3:$V$18,6,FALSE()),(VLOOKUP($C15,_Données!$A$3:$V$18,18,FALSE())+ROUND(($H15-VLOOKUP($C15,_Données!$A$3:$V$18,18,FALSE()))/VLOOKUP($C15,_Données!$A$3:$V$18,19,FALSE()),0)*VLOOKUP($C15,_Données!$A$3:$V$18,19,FALSE()))))>=VLOOKUP($C15,_Données!$A$3:$V$18,10,FALSE()),V15*VLOOKUP($C15,_Données!$A$3:$V$18,11,FALSE()),0)),0) -> 0 | X15: =IFERROR(IF(OR($D15="",V15=0),0,V15*VLOOKUP($D15,_Données!$A$21:$C$28,2,FALSE())),0) -> 0 | Y15: =IFERROR(IF($D15="",0,VLOOKUP($D15,_Données!$A$21:$C$28,3,FALSE())),0) -> 0 | Z15: =IFERROR(IF($E15="",0,VLOOKUP($E15,_Données!$A$48:$C$104,2,FALSE())),0) -> 0 | AA15: =IFERROR(IF(OR($F15="",$G15="",$H15=""),0,VLOOKUP($F15,_Données!$A$33:$C$43,2,FALSE())*2*($G15+$H15)/1000),0) -> 0 | AB15: =IFERROR(IF(OR($F15="",V15=0),0,V15*VLOOKUP($F15,_Données!$A$33:$C$43,3,FALSE())),0) -> 0 | AC15: =IFERROR(IF(OR($R15="",$R15="Aucune option",NOT(OR($C15="Porte Lourde 1 vantail",$C15="Porte Lourde 2 vantaux"))),0,VLOOKUP($R15,_Données!$A$109:$C$125,2,FALSE())*0.75*IF(VLOOKUP($R15,_Données!$A$109:$C$125,3,FALSE())=1,IF($C15="Porte Lourde 1 vantail",1,IF($C15="Porte Lourde 2 vantaux",2,1)),1)*(1-Paramètres!$B$2)),0) -> 0 | AD15: =IFERROR(IF(OR($M15="",$M15="Aucune"),0,VLOOKUP($C15&"|"&$M15,_Données!$A$132:$B$146,2,FALSE())*IF(LEFT($M15,8)="Traverse",$G15,$H15)/1000),0)+IFERROR(IF(OR($N15="",$N15="Aucune"),0,VLOOKUP($C15&"|"&$N15,_Données!$A$132:$B$146,2,FALSE())*IF(LEFT($N15,8)="Traverse",$G15,$H15)/1000),0)+IFERROR(IF(OR($O15="",$O15="Aucune"),0,VLOOKUP($C15&"|"&$O15,_Données!$A$132:$B$146,2,FALSE())*IF(LEFT($O15,8)="Traverse",$G15,$H15)/1000),0) -> 0 | AE15: =IF(AND($M15<>"",$M15<>"Aucune"),IF(ISNA(VLOOKUP($C15&"|"&$M15,_Données!$A$132:$B$146,2,FALSE())),1,0),0)+IF(AND($N15<>"",$N15<>"Aucune"),IF(ISNA(VLOOKUP($C15&"|"&$N15,_Données!$A$132:$B$146,2,FALSE())),1,0),0)+IF(AND($O15<>"",$O15<>"Aucune"),IF(ISNA(VLOOKUP($C15&"|"&$O15,_Données!$A$132:$B$146,2,FALSE())),1,0),0) -> 0 | AF15: =IF(LEFT($M15,8)="Traverse",$M15,"") | AG15: =IF(LEFT($N15,8)="Traverse",$N15,"") | AH15: =IF(LEFT($O15,8)="Traverse",$O15,"") | AI15: =IF(LEFT($M15,6)="Meneau",$M15,"") | AJ15: =IF(LEFT($N15,6)="Meneau",$N15,"") | AK15: =IF(LEFT($O15,6)="Meneau",$O15,"") | AL15: =IF(AND(AF15="",AG15="",AH15=""),"",CHAR(10)&"Traverses : "&AF15&IF(AND(AF15<>"",AG15<>""),", ","")&AG15&IF(AND(OR(AF15<>"",AG15<>""),AH15<>""),", ","")&AH15) | AM15: =IF(AND(AI15="",AJ15="",AK15=""),"",CHAR(10)&"Meneaux : "&AI15&IF(AND(AI15<>"",AJ15<>""),", ","")&AJ15&IF(AND(OR(AI15<>"",AJ15<>""),AK15<>""),", ","")&AK15)
A16: 3 | S16: =IFERROR(IF(ISNUMBER(IFERROR(IF(ISNUMBER(IF(IFERROR(OR(AND($G16<>"",IFERROR(VLOOKUP($C16,_Données!$A$196:$E$211,2,FALSE()),"")<>"",OR($G16<VLOOKUP($C16,_Données!$A$196:$E$211,2,FALSE()),$G16>VLOOKUP($C16,_Données!$A$196:$E$211,3,FALSE()))),AND($H16<>"",IFERROR(VLOOKUP($C16,_Données!$A$196:$E$211,4,FALSE()),"")<>"",OR($H16<VLOOKUP($C16,_Données!$A$196:$E$211,4,FALSE()),$H16>VLOOKUP($C16,_Données!$A$196:$E$211,5,FALSE())))),FALSE),"",IFERROR(IF(AND($R16<>"",$R16<>"Aucune option",NOT(OR($C16="Porte Lourde 1 vantail",$C16="Porte Lourde 2 vantaux"))),"⚠ Option valable uniquement pour Porte Lourde",IF(AE16>0,"⚠ Option T/M incompatible avec la gamme",IF(V16=0,IF(AC16>0,AC16,""),IF(V16=-1,"⚠ Dimension non disponible",(V16+W16+X16+Z16+AA16+AB16+AD16)*(1-Paramètres!$B$2)+AC16)))),""))),IF(IFERROR(OR(AND($G16<>"",IFERROR(VLOOKUP($C16,_Données!$A$196:$E$211,2,FALSE()),"")<>"",OR($G16<VLOOKUP($C16,_Données!$A$196:$E$211,2,FALSE()),$G16>VLOOKUP($C16,_Données!$A$196:$E$211,3,FALSE()))),AND($H16<>"",IFERROR(VLOOKUP($C16,_Données!$A$196:$E$211,4,FALSE()),"")<>"",OR($H16<VLOOKUP($C16,_Données!$A$196:$E$211,4,FALSE()),$H16>VLOOKUP($C16,_Données!$A$196:$E$211,5,FALSE())))),FALSE),"",IFERROR(IF(AND($R16<>"",$R16<>"Aucune option",NOT(OR($C16="Porte Lourde 1 vantail",$C16="Porte Lourde 2 vantaux"))),"⚠ Option valable uniquement pour Porte Lourde",IF(AE16>0,"⚠ Option T/M incompatible avec la gamme",IF(V16=0,IF(AC16>0,AC16,""),IF(V16=-1,"⚠ Dimension non disponible",(V16+W16+X16+Z16+AA16+AB16+AD16)*(1-Paramètres!$B$2)+AC16)))),""))+IF($L16="OUI",25,0),IF(IFERROR(OR(AND($G16<>"",IFERROR(VLOOKUP($C16,_Données!$A$196:$E$211,2,FALSE()),"")<>"",OR($G16<VLOOKUP($C16,_Données!$A$196:$E$211,2,FALSE()),$G16>VLOOKUP($C16,_Données!$A$196:$E$211,3,FALSE()))),AND($H16<>"",IFERROR(VLOOKUP($C16,_Données!$A$196:$E$211,4,FALSE()),"")<>"",OR($H16<VLOOKUP($C16,_Données!$A$196:$E$211,4,FALSE()),$H16>VLOOKUP($C16,_Données!$A$196:$E$211,5,FALSE())))),FALSE),"",IFERROR(IF(AND($R16<>"",$R16<>"Aucune option",NOT(OR($C16="Porte Lourde 1 vantail",$C16="Porte Lourde 2 vantaux"))),"⚠ Option valable uniquement pour Porte Lourde",IF(AE16>0,"⚠ Option T/M incompatible avec la gamme",IF(V16=0,IF(AC16>0,AC16,""),IF(V16=-1,"⚠ Dimension non disponible",(V16+W16+X16+Z16+AA16+AB16+AD16)*(1-Paramètres!$B$2)+AC16)))),""))),"")),IFERROR(IF(ISNUMBER(IF(IFERROR(OR(AND($G16<>"",IFERROR(VLOOKUP($C16,_Données!$A$196:$E$211,2,FALSE()),"")<>"",OR($G16<VLOOKUP($C16,_Données!$A$196:$E$211,2,FALSE()),$G16>VLOOKUP($C16,_Données!$A$196:$E$211,3,FALSE()))),AND($H16<>"",IFERROR(VLOOKUP($C16,_Données!$A$196:$E$211,4,FALSE()),"")<>"",OR($H16<VLOOKUP($C16,_Données!$A$196:$E$211,4,FALSE()),$H16>VLOOKUP($C16,_Données!$A$196:$E$211,5,FALSE())))),FALSE),"",IFERROR(IF(AND($R16<>"",$R16<>"Aucune option",NOT(OR($C16="Porte Lourde 1 vantail",$C16="Porte Lourde 2 vantaux"))),"⚠ Option valable uniquement pour Porte Lourde",IF(AE16>0,"⚠ Option T/M incompatible avec la gamme",IF(V16=0,IF(AC16>0,AC16,""),IF(V16=-1,"⚠ Dimension non disponible",(V16+W16+X16+Z16+AA16+AB16+AD16)*(1-Paramètres!$B$2)+AC16)))),""))),IF(IFERROR(OR(AND($G16<>"",IFERROR(VLOOKUP($C16,_Données!$A$196:$E$211,2,FALSE()),"")<>"",OR($G16<VLOOKUP($C16,_Données!$A$196:$E$211,2,FALSE()),$G16>VLOOKUP($C16,_Données!$A$196:$E$211,3,FALSE()))),AND($H16<>"",IFERROR(VLOOKUP($C16,_Données!$A$196:$E$211,4,FALSE()),"")<>"",OR($H16<VLOOKUP($C16,_Données!$A$196:$E$211,4,FALSE()),$H16>VLOOKUP($C16,_Données!$A$196:$E$211,5,FALSE())))),FALSE),"",IFERROR(IF(AND($R16<>"",$R16<>"Aucune option",NOT(OR($C16="Porte Lourde 1 vantail",$C16="Porte Lourde 2 vantaux"))),"⚠ Option valable uniquement pour Porte Lourde",IF(AE16>0,"⚠ Option T/M incompatible avec la gamme",IF(V16=0,IF(AC16>0,AC16,""),IF(V16=-1,"⚠ Dimension non disponible",(V16+W16+X16+Z16+AA16+AB16+AD16)*(1-Paramètres!$B$2)+AC16)))),""))+IF($L16="OUI",25,0),IF(IFERROR(OR(AND($G16<>"",IFERROR(VLOOKUP($C16,_Données!$A$196:$E$211,2,FALSE()),"")<>"",OR($G16<VLOOKUP($C16,_Données!$A$196:$E$211,2,FALSE()),$G16>VLOOKUP($C16,_Données!$A$196:$E$211,3,FALSE()))),AND($H16<>"",IFERROR(VLOOKUP($C16,_Données!$A$196:$E$211,4,FALSE()),"")<>"",OR($H16<VLOOKUP($C16,_Données!$A$196:$E$211,4,FALSE()),$H16>VLOOKUP($C16,_Données!$A$196:$E$211,5,FALSE())))),FALSE),"",IFERROR(IF(AND($R16<>"",$R16<>"Aucune option",NOT(OR($C16="Porte Lourde 1 vantail",$C16="Porte Lourde 2 vantaux"))),"⚠ Option valable uniquement pour Porte Lourde",IF(AE16>0,"⚠ Option T/M incompatible avec la gamme",IF(V16=0,IF(AC16>0,AC16,""),IF(V16=-1,"⚠ Dimension non disponible",(V16+W16+X16+Z16+AA16+AB16+AD16)*(1-Paramètres!$B$2)+AC16)))),""))),"")+IFERROR(VLOOKUP($P16,_Données!$A$218:$B$229,2,FALSE())*($G16+2*$H16)/1000,0)+IFERROR(VLOOKUP($Q16,_Données!$A$232:$B$236,2,FALSE())*$G16/1000,0),IFERROR(IF(ISNUMBER(IF(IFERROR(OR(AND($G16<>"",IFERROR(VLOOKUP($C16,_Données!$A$196:$E$211,2,FALSE()),"")<>"",OR($G16<VLOOKUP($C16,_Données!$A$196:$E$211,2,FALSE()),$G16>VLOOKUP($C16,_Données!$A$196:$E$211,3,FALSE()))),AND($H16<>"",IFERROR(VLOOKUP($C16,_Données!$A$196:$E$211,4,FALSE()),"")<>"",OR($H16<VLOOKUP($C16,_Données!$A$196:$E$211,4,FALSE()),$H16>VLOOKUP($C16,_Données!$A$196:$E$211,5,FALSE())))),FALSE),"",IFERROR(IF(AND($R16<>"",$R16<>"Aucune option",NOT(OR($C16="Porte Lourde 1 vantail",$C16="Porte Lourde 2 vantaux"))),"⚠ Option valable uniquement pour Porte Lourde",IF(AE16>0,"⚠ Option T/M incompatible avec la gamme",IF(V16=0,IF(AC16>0,AC16,""),IF(V16=-1,"⚠ Dimension non disponible",(V16+W16+X16+Z16+AA16+AB16+AD16)*(1-Paramètres!$B$2)+AC16)))),""))),IF(IFERROR(OR(AND($G16<>"",IFERROR(VLOOKUP($C16,_Données!$A$196:$E$211,2,FALSE()),"")<>"",OR($G16<VLOOKUP($C16,_Données!$A$196:$E$211,2,FALSE()),$G16>VLOOKUP($C16,_Données!$A$196:$E$211,3,FALSE()))),AND($H16<>"",IFERROR(VLOOKUP($C16,_Données!$A$196:$E$211,4,FALSE()),"")<>"",OR($H16<VLOOKUP($C16,_Données!$A$196:$E$211,4,FALSE()),$H16>VLOOKUP($C16,_Données!$A$196:$E$211,5,FALSE())))),FALSE),"",IFERROR(IF(AND($R16<>"",$R16<>"Aucune option",NOT(OR($C16="Porte Lourde 1 vantail",$C16="Porte Lourde 2 vantaux"))),"⚠ Option valable uniquement pour Porte Lourde",IF(AE16>0,"⚠ Option T/M incompatible avec la gamme",IF(V16=0,IF(AC16>0,AC16,""),IF(V16=-1,"⚠ Dimension non disponible",(V16+W16+X16+Z16+AA16+AB16+AD16)*(1-Paramètres!$B$2)+AC16)))),""))+IF($L16="OUI",25,0),IF(IFERROR(OR(AND($G16<>"",IFERROR(VLOOKUP($C16,_Données!$A$196:$E$211,2,FALSE()),"")<>"",OR($G16<VLOOKUP($C16,_Données!$A$196:$E$211,2,FALSE()),$G16>VLOOKUP($C16,_Données!$A$196:$E$211,3,FALSE()))),AND($H16<>"",IFERROR(VLOOKUP($C16,_Données!$A$196:$E$211,4,FALSE()),"")<>"",OR($H16<VLOOKUP($C16,_Données!$A$196:$E$211,4,FALSE()),$H16>VLOOKUP($C16,_Données!$A$196:$E$211,5,FALSE())))),FALSE),"",IFERROR(IF(AND($R16<>"",$R16<>"Aucune option",NOT(OR($C16="Porte Lourde 1 vantail",$C16="Porte Lourde 2 vantaux"))),"⚠ Option valable uniquement pour Porte Lourde",IF(AE16>0,"⚠ Option T/M incompatible avec la gamme",IF(V16=0,IF(AC16>0,AC16,""),IF(V16=-1,"⚠ Dimension non disponible",(V16+W16+X16+Z16+AA16+AB16+AD16)*(1-Paramètres!$B$2)+AC16)))),""))),"")),"") | T16: =IFERROR(IF(OR(S16="",ISTEXT(S16)),"",S16*$I16),"") | V16: =IFERROR(IF(OR($C16="",$G16="",$H16=""),0,IF(INDIRECT("'"&VLOOKUP($C16,_Données!$A$3:$V$18,2,FALSE())&"'!"&ADDRESS((VLOOKUP($C16,_Données!$A$3:$V$18,12,FALSE())+IFERROR(MATCH(MAX(VLOOKUP($C16,_Données!$A$3:$V$18,18,FALSE()),MIN(VLOOKUP($C16,_Données!$A$3:$V$18,6,FALSE()),(VLOOKUP($C16,_Données!$A$3:$V$18,18,FALSE())+ROUND(($H16-VLOOKUP($C16,_Données!$A$3:$V$18,18,FALSE()))/VLOOKUP($C16,_Données!$A$3:$V$18,19,FALSE()),0)*VLOOKUP($C16,_Données!$A$3:$V$18,19,FALSE())))),INDIRECT("'"&VLOOKUP($C16,_Données!$A$3:$V$18,2,FALSE())&"'!"&ADDRESS(VLOOKUP($C16,_Données!$A$3:$V$18,12,FALSE()),1,4)&":"&ADDRESS(VLOOKUP($C16,_Données!$A$3:$V$18,12,FALSE())+VLOOKUP($C16,_Données!$A$3:$V$18,15,FALSE())-1,1,4)),0),MATCH(MAX(VLOOKUP($C16,_Données!$A$3:$V$18,18,FALSE()),MIN(VLOOKUP($C16,_Données!$A$3:$V$18,6,FALSE()),(VLOOKUP($C16,_Données!$A$3:$V$18,18,FALSE())+ROUND(($H16-VLOOKUP($C16,_Données!$A$3:$V$18,18,FALSE()))/VLOOKUP($C16,_Données!$A$3:$V$18,19,FALSE()),0)*VLOOKUP($C16,_Données!$A$3:$V$18,19,FALSE())))),INDIRECT("'"&VLOOKUP($C16,_Données!$A$3:$V$18,2,FALSE())&"'!"&ADDRESS(VLOOKUP($C16,_Données!$A$3:$V$18,12,FALSE()),1,4)&":"&ADDRESS(VLOOKUP($C16,_Données!$A$3:$V$18,12,FALSE())+VLOOKUP($C16,_Données!$A$3:$V$18,15,FALSE())-1,1,4)),1))-1),(VLOOKUP($C16,_Données!$A$3:$V$18,13,FALSE())+IFERROR(MATCH(MAX(VLOOKUP($C16,_Données!$A$3:$V$18,16,FALSE()),MIN(VLOOKUP($C16,_Données!$A$3:$V$18,4,FALSE()),(VLOOKUP($C16,_Données!$A$3:$V$18,16,FALSE())+ROUND(($G16-VLOOKUP($C16,_Données!$A$3:$V$18,16,FALSE()))/VLOOKUP($C16,_Données!$A$3:$V$18,17,FALSE()),0)*VLOOKUP($C16,_Données!$A$3:$V$18,17,FALSE())))),INDIRECT("'"&VLOOKUP($C16,_Données!$A$3:$V$18,2,FALSE())&"'!"&ADDRESS(VLOOKUP($C16,_Données!$A$3:$V$18,12,FALSE())-1,VLOOKUP($C16,_Données!$A$3:$V$18,13,FALSE()),4)&":"&ADDRESS(VLOOKUP($C16,_Données!$A$3:$V$18,12,FALSE())-1,VLOOKUP($C16,_Données!$A$3:$V$18,13,FALSE())+VLOOKUP($C16,_Données!$A$3:$V$18,14,FALSE())-1,4)),0),MATCH(MAX(VLOOKUP($C16,_Données!$A$3:$V$18,16,FALSE()),MIN(VLOOKUP($C16,_Données!$A$3:$V$18,4,FALSE()),(VLOOKUP($C16,_Données!$A$3:$V$18,16,FALSE())+ROUND(($G16-VLOOKUP($C16,_Données!$A$3:$V$18,16,FALSE()))/VLOOKUP($C16,_Données!$A$3:$V$18,17,FALSE()),0)*VLOOKUP($C16,_Données!$A$3:$V$18,17,FALSE())))),INDIRECT("'"&VLOOKUP($C16,_Données!$A$3:$V$18,2,FALSE())&"'!"&ADDRESS(VLOOKUP($C16,_Données!$A$3:$V$18,12,FALSE())-1,VLOOKUP($C16,_Données!$A$3:$V$18,13,FALSE()),4)&":"&ADDRESS(VLOOKUP($C16,_Données!$A$3:$V$18,12,FALSE())-1,VLOOKUP($C16,_Données!$A$3:$V$18,13,FALSE())+VLOOKUP($C16,_Données!$A$3:$V$18,14,FALSE())-1,4)),1))-1),4))="",-1,INDIRECT("'"&VLOOKUP($C16,_Données!$A$3:$V$18,2,FALSE())&"'!"&ADDRESS((VLOOKUP($C16,_Données!$A$3:$V$18,12,FALSE())+IFERROR(MATCH(MAX(VLOOKUP($C16,_Données!$A$3:$V$18,18,FALSE()),MIN(VLOOKUP($C16,_Données!$A$3:$V$18,6,FALSE()),(VLOOKUP($C16,_Données!$A$3:$V$18,18,FALSE())+ROUND(($H16-VLOOKUP($C16,_Données!$A$3:$V$18,18,FALSE()))/VLOOKUP($C16,_Données!$A$3:$V$18,19,FALSE()),0)*VLOOKUP($C16,_Données!$A$3:$V$18,19,FALSE())))),INDIRECT("'"&VLOOKUP($C16,_Données!$A$3:$V$18,2,FALSE())&"'!"&ADDRESS(VLOOKUP($C16,_Données!$A$3:$V$18,12,FALSE()),1,4)&":"&ADDRESS(VLOOKUP($C16,_Données!$A$3:$V$18,12,FALSE())+VLOOKUP($C16,_Données!$A$3:$V$18,15,FALSE())-1,1,4)),0),MATCH(MAX(VLOOKUP($C16,_Données!$A$3:$V$18,18,FALSE()),MIN(VLOOKUP($C16,_Données!$A$3:$V$18,6,FALSE()),(VLOOKUP($C16,_Données!$A$3:$V$18,18,FALSE())+ROUND(($H16-VLOOKUP($C16,_Données!$A$3:$V$18,18,FALSE()))/VLOOKUP($C16,_Données!$A$3:$V$18,19,FALSE()),0)*VLOOKUP($C16,_Données!$A$3:$V$18,19,FALSE())))),INDIRECT("'"&VLOOKUP($C16,_Données!$A$3:$V$18,2,FALSE())&"'!"&ADDRESS(VLOOKUP($C16,_Données!$A$3:$V$18,12,FALSE()),1,4)&":"&ADDRESS(VLOOKUP($C16,_Données!$A$3:$V$18,12,FALSE())+VLOOKUP($C16,_Données!$A$3:$V$18,15,FALSE())-1,1,4)),1))-1),(VLOOKUP($C16,_Données!$A$3:$V$18,13,FALSE())+IFERROR(MATCH(MAX(VLOOKUP($C16,_Données!$A$3:$V$18,16,FALSE()),MIN(VLOOKUP($C16,_Données!$A$3:$V$18,4,FALSE()),(VLOOKUP($C16,_Données!$A$3:$V$18,16,FALSE())+ROUND(($G16-VLOOKUP($C16,_Données!$A$3:$V$18,16,FALSE()))/VLOOKUP($C16,_Données!$A$3:$V$18,17,FALSE()),0)*VLOOKUP($C16,_Données!$A$3:$V$18,17,FALSE())))),INDIRECT("'"&VLOOKUP($C16,_Données!$A$3:$V$18,2,FALSE())&"'!"&ADDRESS(VLOOKUP($C16,_Données!$A$3:$V$18,12,FALSE())-1,VLOOKUP($C16,_Données!$A$3:$V$18,13,FALSE()),4)&":"&ADDRESS(VLOOKUP($C16,_Données!$A$3:$V$18,12,FALSE())-1,VLOOKUP($C16,_Données!$A$3:$V$18,13,FALSE())+VLOOKUP($C16,_Données!$A$3:$V$18,14,FALSE())-1,4)),0),MATCH(MAX(VLOOKUP($C16,_Données!$A$3:$V$18,16,FALSE()),MIN(VLOOKUP($C16,_Données!$A$3:$V$18,4,FALSE()),(VLOOKUP($C16,_Données!$A$3:$V$18,16,FALSE())+ROUND(($G16-VLOOKUP($C16,_Données!$A$3:$V$18,16,FALSE()))/VLOOKUP($C16,_Données!$A$3:$V$18,17,FALSE()),0)*VLOOKUP($C16,_Données!$A$3:$V$18,17,FALSE())))),INDIRECT("'"&VLOOKUP($C16,_Données!$A$3:$V$18,2,FALSE())&"'!"&ADDRESS(VLOOKUP($C16,_Données!$A$3:$V$18,12,FALSE())-1,VLOOKUP($C16,_Données!$A$3:$V$18,13,FALSE()),4)&":"&ADDRESS(VLOOKUP($C16,_Données!$A$3:$V$18,12,FALSE())-1,VLOOKUP($C16,_Données!$A$3:$V$18,13,FALSE())+VLOOKUP($C16,_Données!$A$3:$V$18,14,FALSE())-1,4)),1))-1),4)))),0) -> 0 | W16: =IFERROR(IF(V16=0,0,IF(MAX(VLOOKUP($C16,_Données!$A$3:$V$18,18,FALSE()),MIN(VLOOKUP($C16,_Données!$A$3:$V$18,6,FALSE()),(VLOOKUP($C16,_Données!$A$3:$V$18,18,FALSE())+ROUND(($H16-VLOOKUP($C16,_Données!$A$3:$V$18,18,FALSE()))/VLOOKUP($C16,_Données!$A$3:$V$18,19,FALSE()),0)*VLOOKUP($C16,_Données!$A$3:$V$18,19,FALSE()))))>=VLOOKUP($C16,_Données!$A$3:$V$18,10,FALSE()),V16*VLOOKUP($C16,_Données!$A$3:$V$18,11,FALSE()),0)),0) -> 0 | X16: =IFERROR(IF(OR($D16="",V16=0),0,V16*VLOOKUP($D16,_Données!$A$21:$C$28,2,FALSE())),0) -> 0 | Y16: =IFERROR(IF($D16="",0,VLOOKUP($D16,_Données!$A$21:$C$28,3,FALSE())),0) -> 0 | Z16: =IFERROR(IF($E16="",0,VLOOKUP($E16,_Données!$A$48:$C$104,2,FALSE())),0) -> 0 | AA16: =IFERROR(IF(OR($F16="",$G16="",$H16=""),0,VLOOKUP($F16,_Données!$A$33:$C$43,2,FALSE())*2*($G16+$H16)/1000),0) -> 0 | AB16: =IFERROR(IF(OR($F16="",V16=0),0,V16*VLOOKUP($F16,_Données!$A$33:$C$43,3,FALSE())),0) -> 0 | AC16: =IFERROR(IF(OR($R16="",$R16="Aucune option",NOT(OR($C16="Porte Lourde 1 vantail",$C16="Porte Lourde 2 vantaux"))),0,VLOOKUP($R16,_Données!$A$109:$C$125,2,FALSE())*0.75*IF(VLOOKUP($R16,_Données!$A$109:$C$125,3,FALSE())=1,IF($C16="Porte Lourde 1 vantail",1,IF($C16="Porte Lourde 2 vantaux",2,1)),1)*(1-Paramètres!$B$2)),0) -> 0 | AD16: =IFERROR(IF(OR($M16="",$M16="Aucune"),0,VLOOKUP($C16&"|"&$M16,_Données!$A$132:$B$146,2,FALSE())*IF(LEFT($M16,8)="Traverse",$G16,$H16)/1000),0)+IFERROR(IF(OR($N16="",$N16="Aucune"),0,VLOOKUP($C16&"|"&$N16,_Données!$A$132:$B$146,2,FALSE())*IF(LEFT($N16,8)="Traverse",$G16,$H16)/1000),0)+IFERROR(IF(OR($O16="",$O16="Aucune"),0,VLOOKUP($C16&"|"&$O16,_Données!$A$132:$B$146,2,FALSE())*IF(LEFT($O16,8)="Traverse",$G16,$H16)/1000),0) -> 0 | AE16: =IF(AND($M16<>"",$M16<>"Aucune"),IF(ISNA(VLOOKUP($C16&"|"&$M16,_Données!$A$132:$B$146,2,FALSE())),1,0),0)+IF(AND($N16<>"",$N16<>"Aucune"),IF(ISNA(VLOOKUP($C16&"|"&$N16,_Données!$A$132:$B$146,2,FALSE())),1,0),0)+IF(AND($O16<>"",$O16<>"Aucune"),IF(ISNA(VLOOKUP($C16&"|"&$O16,_Données!$A$132:$B$146,2,FALSE())),1,0),0) -> 0 | AF16: =IF(LEFT($M16,8)="Traverse",$M16,"") | AG16: =IF(LEFT($N16,8)="Traverse",$N16,"") | AH16: =IF(LEFT($O16,8)="Traverse",$O16,"") | AI16: =IF(LEFT($M16,6)="Meneau",$M16,"") | AJ16: =IF(LEFT($N16,6)="Meneau",$N16,"") | AK16: =IF(LEFT($O16,6)="Meneau",$O16,"") | AL16: =IF(AND(AF16="",AG16="",AH16=""),"",CHAR(10)&"Traverses : "&AF16&IF(AND(AF16<>"",AG16<>""),", ","")&AG16&IF(AND(OR(AF16<>"",AG16<>""),AH16<>""),", ","")&AH16) | AM16: =IF(AND(AI16="",AJ16="",AK16=""),"",CHAR(10)&"Meneaux : "&AI16&IF(AND(AI16<>"",AJ16<>""),", ","")&AJ16&IF(AND(OR(AI16<>"",AJ16<>""),AK16<>""),", ","")&AK16)
A17: 4 | S17: =IFERROR(IF(ISNUMBER(IFERROR(IF(ISNUMBER(IF(IFERROR(OR(AND($G17<>"",IFERROR(VLOOKUP($C17,_Données!$A$196:$E$211,2,FALSE()),"")<>"",OR($G17<VLOOKUP($C17,_Données!$A$196:$E$211,2,FALSE()),$G17>VLOOKUP($C17,_Données!$A$196:$E$211,3,FALSE()))),AND($H17<>"",IFERROR(VLOOKUP($C17,_Données!$A$196:$E$211,4,FALSE()),"")<>"",OR($H17<VLOOKUP($C17,_Données!$A$196:$E$211,4,FALSE()),$H17>VLOOKUP($C17,_Données!$A$196:$E$211,5,FALSE())))),FALSE),"",IFERROR(IF(AND($R17<>"",$R17<>"Aucune option",NOT(OR($C17="Porte Lourde 1 vantail",$C17="Porte Lourde 2 vantaux"))),"⚠ Option valable uniquement pour Porte Lourde",IF(AE17>0,"⚠ Option T/M incompatible avec la gamme",IF(V17=0,IF(AC17>0,AC17,""),IF(V17=-1,"⚠ Dimension non disponible",(V17+W17+X17+Z17+AA17+AB17+AD17)*(1-Paramètres!$B$2)+AC17)))),""))),IF(IFERROR(OR(AND($G17<>"",IFERROR(VLOOKUP($C17,_Données!$A$196:$E$211,2,FALSE()),"")<>"",OR($G17<VLOOKUP($C17,_Données!$A$196:$E$211,2,FALSE()),$G17>VLOOKUP($C17,_Données!$A$196:$E$211,3,FALSE()))),AND($H17<>"",IFERROR(VLOOKUP($C17,_Données!$A$196:$E$211,4,FALSE()),"")<>"",OR($H17<VLOOKUP($C17,_Données!$A$196:$E$211,4,FALSE()),$H17>VLOOKUP($C17,_Données!$A$196:$E$211,5,FALSE())))),FALSE),"",IFERROR(IF(AND($R17<>"",$R17<>"Aucune option",NOT(OR($C17="Porte Lourde 1 vantail",$C17="Porte Lourde 2 vantaux"))),"⚠ Option valable uniquement pour Porte Lourde",IF(AE17>0,"⚠ Option T/M incompatible avec la gamme",IF(V17=0,IF(AC17>0,AC17,""),IF(V17=-1,"⚠ Dimension non disponible",(V17+W17+X17+Z17+AA17+AB17+AD17)*(1-Paramètres!$B$2)+AC17)))),""))+IF($L17="OUI",25,0),IF(IFERROR(OR(AND($G17<>"",IFERROR(VLOOKUP($C17,_Données!$A$196:$E$211,2,FALSE()),"")<>"",OR($G17<VLOOKUP($C17,_Données!$A$196:$E$211,2,FALSE()),$G17>VLOOKUP($C17,_Données!$A$196:$E$211,3,FALSE()))),AND($H17<>"",IFERROR(VLOOKUP($C17,_Données!$A$196:$E$211,4,FALSE()),"")<>"",OR($H17<VLOOKUP($C17,_Données!$A$196:$E$211,4,FALSE()),$H17>VLOOKUP($C17,_Données!$A$196:$E$211,5,FALSE())))),FALSE),"",IFERROR(IF(AND($R17<>"",$R17<>"Aucune option",NOT(OR($C17="Porte Lourde 1 vantail",$C17="Porte Lourde 2 vantaux"))),"⚠ Option valable uniquement pour Porte Lourde",IF(AE17>0,"⚠ Option T/M incompatible avec la gamme",IF(V17=0,IF(AC17>0,AC17,""),IF(V17=-1,"⚠ Dimension non disponible",(V17+W17+X17+Z17+AA17+AB17+AD17)*(1-Paramètres!$B$2)+AC17)))),""))),"")),IFERROR(IF(ISNUMBER(IF(IFERROR(OR(AND($G17<>"",IFERROR(VLOOKUP($C17,_Données!$A$196:$E$211,2,FALSE()),"")<>"",OR($G17<VLOOKUP($C17,_Données!$A$196:$E$211,2,FALSE()),$G17>VLOOKUP($C17,_Données!$A$196:$E$211,3,FALSE()))),AND($H17<>"",IFERROR(VLOOKUP($C17,_Données!$A$196:$E$211,4,FALSE()),"")<>"",OR($H17<VLOOKUP($C17,_Données!$A$196:$E$211,4,FALSE()),$H17>VLOOKUP($C17,_Données!$A$196:$E$211,5,FALSE())))),FALSE),"",IFERROR(IF(AND($R17<>"",$R17<>"Aucune option",NOT(OR($C17="Porte Lourde 1 vantail",$C17="Porte Lourde 2 vantaux"))),"⚠ Option valable uniquement pour Porte Lourde",IF(AE17>0,"⚠ Option T/M incompatible avec la gamme",IF(V17=0,IF(AC17>0,AC17,""),IF(V17=-1,"⚠ Dimension non disponible",(V17+W17+X17+Z17+AA17+AB17+AD17)*(1-Paramètres!$B$2)+AC17)))),""))),IF(IFERROR(OR(AND($G17<>"",IFERROR(VLOOKUP($C17,_Données!$A$196:$E$211,2,FALSE()),"")<>"",OR($G17<VLOOKUP($C17,_Données!$A$196:$E$211,2,FALSE()),$G17>VLOOKUP($C17,_Données!$A$196:$E$211,3,FALSE()))),AND($H17<>"",IFERROR(VLOOKUP($C17,_Données!$A$196:$E$211,4,FALSE()),"")<>"",OR($H17<VLOOKUP($C17,_Données!$A$196:$E$211,4,FALSE()),$H17>VLOOKUP($C17,_Données!$A$196:$E$211,5,FALSE())))),FALSE),"",IFERROR(IF(AND($R17<>"",$R17<>"Aucune option",NOT(OR($C17="Porte Lourde 1 vantail",$C17="Porte Lourde 2 vantaux"))),"⚠ Option valable uniquement pour Porte Lourde",IF(AE17>0,"⚠ Option T/M incompatible avec la gamme",IF(V17=0,IF(AC17>0,AC17,""),IF(V17=-1,"⚠ Dimension non disponible",(V17+W17+X17+Z17+AA17+AB17+AD17)*(1-Paramètres!$B$2)+AC17)))),""))+IF($L17="OUI",25,0),IF(IFERROR(OR(AND($G17<>"",IFERROR(VLOOKUP($C17,_Données!$A$196:$E$211,2,FALSE()),"")<>"",OR($G17<VLOOKUP($C17,_Données!$A$196:$E$211,2,FALSE()),$G17>VLOOKUP($C17,_Données!$A$196:$E$211,3,FALSE()))),AND($H17<>"",IFERROR(VLOOKUP($C17,_Données!$A$196:$E$211,4,FALSE()),"")<>"",OR($H17<VLOOKUP($C17,_Données!$A$196:$E$211,4,FALSE()),$H17>VLOOKUP($C17,_Données!$A$196:$E$211,5,FALSE())))),FALSE),"",IFERROR(IF(AND($R17<>"",$R17<>"Aucune option",NOT(OR($C17="Porte Lourde 1 vantail",$C17="Porte Lourde 2 vantaux"))),"⚠ Option valable uniquement pour Porte Lourde",IF(AE17>0,"⚠ Option T/M incompatible avec la gamme",IF(V17=0,IF(AC17>0,AC17,""),IF(V17=-1,"⚠ Dimension non disponible",(V17+W17+X17+Z17+AA17+AB17+AD17)*(1-Paramètres!$B$2)+AC17)))),""))),"")+IFERROR(VLOOKUP($P17,_Données!$A$218:$B$229,2,FALSE())*($G17+2*$H17)/1000,0)+IFERROR(VLOOKUP($Q17,_Données!$A$232:$B$236,2,FALSE())*$G17/1000,0),IFERROR(IF(ISNUMBER(IF(IFERROR(OR(AND($G17<>"",IFERROR(VLOOKUP($C17,_Données!$A$196:$E$211,2,FALSE()),"")<>"",OR($G17<VLOOKUP($C17,_Données!$A$196:$E$211,2,FALSE()),$G17>VLOOKUP($C17,_Données!$A$196:$E$211,3,FALSE()))),AND($H17<>"",IFERROR(VLOOKUP($C17,_Données!$A$196:$E$211,4,FALSE()),"")<>"",OR($H17<VLOOKUP($C17,_Données!$A$196:$E$211,4,FALSE()),$H17>VLOOKUP($C17,_Données!$A$196:$E$211,5,FALSE())))),FALSE),"",IFERROR(IF(AND($R17<>"",$R17<>"Aucune option",NOT(OR($C17="Porte Lourde 1 vantail",$C17="Porte Lourde 2 vantaux"))),"⚠ Option valable uniquement pour Porte Lourde",IF(AE17>0,"⚠ Option T/M incompatible avec la gamme",IF(V17=0,IF(AC17>0,AC17,""),IF(V17=-1,"⚠ Dimension non disponible",(V17+W17+X17+Z17+AA17+AB17+AD17)*(1-Paramètres!$B$2)+AC17)))),""))),IF(IFERROR(OR(AND($G17<>"",IFERROR(VLOOKUP($C17,_Données!$A$196:$E$211,2,FALSE()),"")<>"",OR($G17<VLOOKUP($C17,_Données!$A$196:$E$211,2,FALSE()),$G17>VLOOKUP($C17,_Données!$A$196:$E$211,3,FALSE()))),AND($H17<>"",IFERROR(VLOOKUP($C17,_Données!$A$196:$E$211,4,FALSE()),"")<>"",OR($H17<VLOOKUP($C17,_Données!$A$196:$E$211,4,FALSE()),$H17>VLOOKUP($C17,_Données!$A$196:$E$211,5,FALSE())))),FALSE),"",IFERROR(IF(AND($R17<>"",$R17<>"Aucune option",NOT(OR($C17="Porte Lourde 1 vantail",$C17="Porte Lourde 2 vantaux"))),"⚠ Option valable uniquement pour Porte Lourde",IF(AE17>0,"⚠ Option T/M incompatible avec la gamme",IF(V17=0,IF(AC17>0,AC17,""),IF(V17=-1,"⚠ Dimension non disponible",(V17+W17+X17+Z17+AA17+AB17+AD17)*(1-Paramètres!$B$2)+AC17)))),""))+IF($L17="OUI",25,0),IF(IFERROR(OR(AND($G17<>"",IFERROR(VLOOKUP($C17,_Données!$A$196:$E$211,2,FALSE()),"")<>"",OR($G17<VLOOKUP($C17,_Données!$A$196:$E$211,2,FALSE()),$G17>VLOOKUP($C17,_Données!$A$196:$E$211,3,FALSE()))),AND($H17<>"",IFERROR(VLOOKUP($C17,_Données!$A$196:$E$211,4,FALSE()),"")<>"",OR($H17<VLOOKUP($C17,_Données!$A$196:$E$211,4,FALSE()),$H17>VLOOKUP($C17,_Données!$A$196:$E$211,5,FALSE())))),FALSE),"",IFERROR(IF(AND($R17<>"",$R17<>"Aucune option",NOT(OR($C17="Porte Lourde 1 vantail",$C17="Porte Lourde 2 vantaux"))),"⚠ Option valable uniquement pour Porte Lourde",IF(AE17>0,"⚠ Option T/M incompatible avec la gamme",IF(V17=0,IF(AC17>0,AC17,""),IF(V17=-1,"⚠ Dimension non disponible",(V17+W17+X17+Z17+AA17+AB17+AD17)*(1-Paramètres!$B$2)+AC17)))),""))),"")),"") | T17: =IFERROR(IF(OR(S17="",ISTEXT(S17)),"",S17*$I17),"") | V17: =IFERROR(IF(OR($C17="",$G17="",$H17=""),0,IF(INDIRECT("'"&VLOOKUP($C17,_Données!$A$3:$V$18,2,FALSE())&"'!"&ADDRESS((VLOOKUP($C17,_Données!$A$3:$V$18,12,FALSE())+IFERROR(MATCH(MAX(VLOOKUP($C17,_Données!$A$3:$V$18,18,FALSE()),MIN(VLOOKUP($C17,_Données!$A$3:$V$18,6,FALSE()),(VLOOKUP($C17,_Données!$A$3:$V$18,18,FALSE())+ROUND(($H17-VLOOKUP($C17,_Données!$A$3:$V$18,18,FALSE()))/VLOOKUP($C17,_Données!$A$3:$V$18,19,FALSE()),0)*VLOOKUP($C17,_Données!$A$3:$V$18,19,FALSE())))),INDIRECT("'"&VLOOKUP($C17,_Données!$A$3:$V$18,2,FALSE())&"'!"&ADDRESS(VLOOKUP($C17,_Données!$A$3:$V$18,12,FALSE()),1,4)&":"&ADDRESS(VLOOKUP($C17,_Données!$A$3:$V$18,12,FALSE())+VLOOKUP($C17,_Données!$A$3:$V$18,15,FALSE())-1,1,4)),0),MATCH(MAX(VLOOKUP($C17,_Données!$A$3:$V$18,18,FALSE()),MIN(VLOOKUP($C17,_Données!$A$3:$V$18,6,FALSE()),(VLOOKUP($C17,_Données!$A$3:$V$18,18,FALSE())+ROUND(($H17-VLOOKUP($C17,_Données!$A$3:$V$18,18,FALSE()))/VLOOKUP($C17,_Données!$A$3:$V$18,19,FALSE()),0)*VLOOKUP($C17,_Données!$A$3:$V$18,19,FALSE())))),INDIRECT("'"&VLOOKUP($C17,_Données!$A$3:$V$18,2,FALSE())&"'!"&ADDRESS(VLOOKUP($C17,_Données!$A$3:$V$18,12,FALSE()),1,4)&":"&ADDRESS(VLOOKUP($C17,_Données!$A$3:$V$18,12,FALSE())+VLOOKUP($C17,_Données!$A$3:$V$18,15,FALSE())-1,1,4)),1))-1),(VLOOKUP($C17,_Données!$A$3:$V$18,13,FALSE())+IFERROR(MATCH(MAX(VLOOKUP($C17,_Données!$A$3:$V$18,16,FALSE()),MIN(VLOOKUP($C17,_Données!$A$3:$V$18,4,FALSE()),(VLOOKUP($C17,_Données!$A$3:$V$18,16,FALSE())+ROUND(($G17-VLOOKUP($C17,_Données!$A$3:$V$18,16,FALSE()))/VLOOKUP($C17,_Données!$A$3:$V$18,17,FALSE()),0)*VLOOKUP($C17,_Données!$A$3:$V$18,17,FALSE())))),INDIRECT("'"&VLOOKUP($C17,_Données!$A$3:$V$18,2,FALSE())&"'!"&ADDRESS(VLOOKUP($C17,_Données!$A$3:$V$18,12,FALSE())-1,VLOOKUP($C17,_Données!$A$3:$V$18,13,FALSE()),4)&":"&ADDRESS(VLOOKUP($C17,_Données!$A$3:$V$18,12,FALSE())-1,VLOOKUP($C17,_Données!$A$3:$V$18,13,FALSE())+VLOOKUP($C17,_Données!$A$3:$V$18,14,FALSE())-1,4)),0),MATCH(MAX(VLOOKUP($C17,_Données!$A$3:$V$18,16,FALSE()),MIN(VLOOKUP($C17,_Données!$A$3:$V$18,4,FALSE()),(VLOOKUP($C17,_Données!$A$3:$V$18,16,FALSE())+ROUND(($G17-VLOOKUP($C17,_Données!$A$3:$V$18,16,FALSE()))/VLOOKUP($C17,_Données!$A$3:$V$18,17,FALSE()),0)*VLOOKUP($C17,_Données!$A$3:$V$18,17,FALSE())))),INDIRECT("'"&VLOOKUP($C17,_Données!$A$3:$V$18,2,FALSE())&"'!"&ADDRESS(VLOOKUP($C17,_Données!$A$3:$V$18,12,FALSE())-1,VLOOKUP($C17,_Données!$A$3:$V$18,13,FALSE()),4)&":"&ADDRESS(VLOOKUP($C17,_Données!$A$3:$V$18,12,FALSE())-1,VLOOKUP($C17,_Données!$A$3:$V$18,13,FALSE())+VLOOKUP($C17,_Données!$A$3:$V$18,14,FALSE())-1,4)),1))-1),4))="",-1,INDIRECT("'"&VLOOKUP($C17,_Données!$A$3:$V$18,2,FALSE())&"'!"&ADDRESS((VLOOKUP($C17,_Données!$A$3:$V$18,12,FALSE())+IFERROR(MATCH(MAX(VLOOKUP($C17,_Données!$A$3:$V$18,18,FALSE()),MIN(VLOOKUP($C17,_Données!$A$3:$V$18,6,FALSE()),(VLOOKUP($C17,_Données!$A$3:$V$18,18,FALSE())+ROUND(($H17-VLOOKUP($C17,_Données!$A$3:$V$18,18,FALSE()))/VLOOKUP($C17,_Données!$A$3:$V$18,19,FALSE()),0)*VLOOKUP($C17,_Données!$A$3:$V$18,19,FALSE())))),INDIRECT("'"&VLOOKUP($C17,_Données!$A$3:$V$18,2,FALSE())&"'!"&ADDRESS(VLOOKUP($C17,_Données!$A$3:$V$18,12,FALSE()),1,4)&":"&ADDRESS(VLOOKUP($C17,_Données!$A$3:$V$18,12,FALSE())+VLOOKUP($C17,_Données!$A$3:$V$18,15,FALSE())-1,1,4)),0),MATCH(MAX(VLOOKUP($C17,_Données!$A$3:$V$18,18,FALSE()),MIN(VLOOKUP($C17,_Données!$A$3:$V$18,6,FALSE()),(VLOOKUP($C17,_Données!$A$3:$V$18,18,FALSE())+ROUND(($H17-VLOOKUP($C17,_Données!$A$3:$V$18,18,FALSE()))/VLOOKUP($C17,_Données!$A$3:$V$18,19,FALSE()),0)*VLOOKUP($C17,_Données!$A$3:$V$18,19,FALSE())))),INDIRECT("'"&VLOOKUP($C17,_Données!$A$3:$V$18,2,FALSE())&"'!"&ADDRESS(VLOOKUP($C17,_Données!$A$3:$V$18,12,FALSE()),1,4)&":"&ADDRESS(VLOOKUP($C17,_Données!$A$3:$V$18,12,FALSE())+VLOOKUP($C17,_Données!$A$3:$V$18,15,FALSE())-1,1,4)),1))-1),(VLOOKUP($C17,_Données!$A$3:$V$18,13,FALSE())+IFERROR(MATCH(MAX(VLOOKUP($C17,_Données!$A$3:$V$18,16,FALSE()),MIN(VLOOKUP($C17,_Données!$A$3:$V$18,4,FALSE()),(VLOOKUP($C17,_Données!$A$3:$V$18,16,FALSE())+ROUND(($G17-VLOOKUP($C17,_Données!$A$3:$V$18,16,FALSE()))/VLOOKUP($C17,_Données!$A$3:$V$18,17,FALSE()),0)*VLOOKUP($C17,_Données!$A$3:$V$18,17,FALSE())))),INDIRECT("'"&VLOOKUP($C17,_Données!$A$3:$V$18,2,FALSE())&"'!"&ADDRESS(VLOOKUP($C17,_Données!$A$3:$V$18,12,FALSE())-1,VLOOKUP($C17,_Données!$A$3:$V$18,13,FALSE()),4)&":"&ADDRESS(VLOOKUP($C17,_Données!$A$3:$V$18,12,FALSE())-1,VLOOKUP($C17,_Données!$A$3:$V$18,13,FALSE())+VLOOKUP($C17,_Données!$A$3:$V$18,14,FALSE())-1,4)),0),MATCH(MAX(VLOOKUP($C17,_Données!$A$3:$V$18,16,FALSE()),MIN(VLOOKUP($C17,_Données!$A$3:$V$18,4,FALSE()),(VLOOKUP($C17,_Données!$A$3:$V$18,16,FALSE())+ROUND(($G17-VLOOKUP($C17,_Données!$A$3:$V$18,16,FALSE()))/VLOOKUP($C17,_Données!$A$3:$V$18,17,FALSE()),0)*VLOOKUP($C17,_Données!$A$3:$V$18,17,FALSE())))),INDIRECT("'"&VLOOKUP($C17,_Données!$A$3:$V$18,2,FALSE())&"'!"&ADDRESS(VLOOKUP($C17,_Données!$A$3:$V$18,12,FALSE())-1,VLOOKUP($C17,_Données!$A$3:$V$18,13,FALSE()),4)&":"&ADDRESS(VLOOKUP($C17,_Données!$A$3:$V$18,12,FALSE())-1,VLOOKUP($C17,_Données!$A$3:$V$18,13,FALSE())+VLOOKUP($C17,_Données!$A$3:$V$18,14,FALSE())-1,4)),1))-1),4)))),0) -> 0 | W17: =IFERROR(IF(V17=0,0,IF(MAX(VLOOKUP($C17,_Données!$A$3:$V$18,18,FALSE()),MIN(VLOOKUP($C17,_Données!$A$3:$V$18,6,FALSE()),(VLOOKUP($C17,_Données!$A$3:$V$18,18,FALSE())+ROUND(($H17-VLOOKUP($C17,_Données!$A$3:$V$18,18,FALSE()))/VLOOKUP($C17,_Données!$A$3:$V$18,19,FALSE()),0)*VLOOKUP($C17,_Données!$A$3:$V$18,19,FALSE()))))>=VLOOKUP($C17,_Données!$A$3:$V$18,10,FALSE()),V17*VLOOKUP($C17,_Données!$A$3:$V$18,11,FALSE()),0)),0) -> 0 | X17: =IFERROR(IF(OR($D17="",V17=0),0,V17*VLOOKUP($D17,_Données!$A$21:$C$28,2,FALSE())),0) -> 0 | Y17: =IFERROR(IF($D17="",0,VLOOKUP($D17,_Données!$A$21:$C$28,3,FALSE())),0) -> 0 | Z17: =IFERROR(IF($E17="",0,VLOOKUP($E17,_Données!$A$48:$C$104,2,FALSE())),0) -> 0 | AA17: =IFERROR(IF(OR($F17="",$G17="",$H17=""),0,VLOOKUP($F17,_Données!$A$33:$C$43,2,FALSE())*2*($G17+$H17)/1000),0) -> 0 | AB17: =IFERROR(IF(OR($F17="",V17=0),0,V17*VLOOKUP($F17,_Données!$A$33:$C$43,3,FALSE())),0) -> 0 | AC17: =IFERROR(IF(OR($R17="",$R17="Aucune option",NOT(OR($C17="Porte Lourde 1 vantail",$C17="Porte Lourde 2 vantaux"))),0,VLOOKUP($R17,_Données!$A$109:$C$125,2,FALSE())*0.75*IF(VLOOKUP($R17,_Données!$A$109:$C$125,3,FALSE())=1,IF($C17="Porte Lourde 1 vantail",1,IF($C17="Porte Lourde 2 vantaux",2,1)),1)*(1-Paramètres!$B$2)),0) -> 0 | AD17: =IFERROR(IF(OR($M17="",$M17="Aucune"),0,VLOOKUP($C17&"|"&$M17,_Données!$A$132:$B$146,2,FALSE())*IF(LEFT($M17,8)="Traverse",$G17,$H17)/1000),0)+IFERROR(IF(OR($N17="",$N17="Aucune"),0,VLOOKUP($C17&"|"&$N17,_Données!$A$132:$B$146,2,FALSE())*IF(LEFT($N17,8)="Traverse",$G17,$H17)/1000),0)+IFERROR(IF(OR($O17="",$O17="Aucune"),0,VLOOKUP($C17&"|"&$O17,_Données!$A$132:$B$146,2,FALSE())*IF(LEFT($O17,8)="Traverse",$G17,$H17)/1000),0) -> 0 | AE17: =IF(AND($M17<>"",$M17<>"Aucune"),IF(ISNA(VLOOKUP($C17&"|"&$M17,_Données!$A$132:$B$146,2,FALSE())),1,0),0)+IF(AND($N17<>"",$N17<>"Aucune"),IF(ISNA(VLOOKUP($C17&"|"&$N17,_Données!$A$132:$B$146,2,FALSE())),1,0),0)+IF(AND($O17<>"",$O17<>"Aucune"),IF(ISNA(VLOOKUP($C17&"|"&$O17,_Données!$A$132:$B$146,2,FALSE())),1,0),0) -> 0 | AF17: =IF(LEFT($M17,8)="Traverse",$M17,"") | AG17: =IF(LEFT($N17,8)="Traverse",$N17,"") | AH17: =IF(LEFT($O17,8)="Traverse",$O17,"") | AI17: =IF(LEFT($M17,6)="Meneau",$M17,"") | AJ17: =IF(LEFT($N17,6)="Meneau",$N17,"") | AK17: =IF(LEFT($O17,6)="Meneau",$O17,"") | AL17: =IF(AND(AF17="",AG17="",AH17=""),"",CHAR(10)&"Traverses : "&AF17&IF(AND(AF17<>"",AG17<>""),", ","")&AG17&IF(AND(OR(AF17<>"",AG17<>""),AH17<>""),", ","")&AH17) | AM17: =IF(AND(AI17="",AJ17="",AK17=""),"",CHAR(10)&"Meneaux : "&AI17&IF(AND(AI17<>"",AJ17<>""),", ","")&AJ17&IF(AND(OR(AI17<>"",AJ17<>""),AK17<>""),", ","")&AK17)
A18: 5 | S18: =IFERROR(IF(ISNUMBER(IFERROR(IF(ISNUMBER(IF(IFERROR(OR(AND($G18<>"",IFERROR(VLOOKUP($C18,_Données!$A$196:$E$211,2,FALSE()),"")<>"",OR($G18<VLOOKUP($C18,_Données!$A$196:$E$211,2,FALSE()),$G18>VLOOKUP($C18,_Données!$A$196:$E$211,3,FALSE()))),AND($H18<>"",IFERROR(VLOOKUP($C18,_Données!$A$196:$E$211,4,FALSE()),"")<>"",OR($H18<VLOOKUP($C18,_Données!$A$196:$E$211,4,FALSE()),$H18>VLOOKUP($C18,_Données!$A$196:$E$211,5,FALSE())))),FALSE),"",IFERROR(IF(AND($R18<>"",$R18<>"Aucune option",NOT(OR($C18="Porte Lourde 1 vantail",$C18="Porte Lourde 2 vantaux"))),"⚠ Option valable uniquement pour Porte Lourde",IF(AE18>0,"⚠ Option T/M incompatible avec la gamme",IF(V18=0,IF(AC18>0,AC18,""),IF(V18=-1,"⚠ Dimension non disponible",(V18+W18+X18+Z18+AA18+AB18+AD18)*(1-Paramètres!$B$2)+AC18)))),""))),IF(IFERROR(OR(AND($G18<>"",IFERROR(VLOOKUP($C18,_Données!$A$196:$E$211,2,FALSE()),"")<>"",OR($G18<VLOOKUP($C18,_Données!$A$196:$E$211,2,FALSE()),$G18>VLOOKUP($C18,_Données!$A$196:$E$211,3,FALSE()))),AND($H18<>"",IFERROR(VLOOKUP($C18,_Données!$A$196:$E$211,4,FALSE()),"")<>"",OR($H18<VLOOKUP($C18,_Données!$A$196:$E$211,4,FALSE()),$H18>VLOOKUP($C18,_Données!$A$196:$E$211,5,FALSE())))),FALSE),"",IFERROR(IF(AND($R18<>"",$R18<>"Aucune option",NOT(OR($C18="Porte Lourde 1 vantail",$C18="Porte Lourde 2 vantaux"))),"⚠ Option valable uniquement pour Porte Lourde",IF(AE18>0,"⚠ Option T/M incompatible avec la gamme",IF(V18=0,IF(AC18>0,AC18,""),IF(V18=-1,"⚠ Dimension non disponible",(V18+W18+X18+Z18+AA18+AB18+AD18)*(1-Paramètres!$B$2)+AC18)))),""))+IF($L18="OUI",25,0),IF(IFERROR(OR(AND($G18<>"",IFERROR(VLOOKUP($C18,_Données!$A$196:$E$211,2,FALSE()),"")<>"",OR($G18<VLOOKUP($C18,_Données!$A$196:$E$211,2,FALSE()),$G18>VLOOKUP($C18,_Données!$A$196:$E$211,3,FALSE()))),AND($H18<>"",IFERROR(VLOOKUP($C18,_Données!$A$196:$E$211,4,FALSE()),"")<>"",OR($H18<VLOOKUP($C18,_Données!$A$196:$E$211,4,FALSE()),$H18>VLOOKUP($C18,_Données!$A$196:$E$211,5,FALSE())))),FALSE),"",IFERROR(IF(AND($R18<>"",$R18<>"Aucune option",NOT(OR($C18="Porte Lourde 1 vantail",$C18="Porte Lourde 2 vantaux"))),"⚠ Option valable uniquement pour Porte Lourde",IF(AE18>0,"⚠ Option T/M incompatible avec la gamme",IF(V18=0,IF(AC18>0,AC18,""),IF(V18=-1,"⚠ Dimension non disponible",(V18+W18+X18+Z18+AA18+AB18+AD18)*(1-Paramètres!$B$2)+AC18)))),""))),"")),IFERROR(IF(ISNUMBER(IF(IFERROR(OR(AND($G18<>"",IFERROR(VLOOKUP($C18,_Données!$A$196:$E$211,2,FALSE()),"")<>"",OR($G18<VLOOKUP($C18,_Données!$A$196:$E$211,2,FALSE()),$G18>VLOOKUP($C18,_Données!$A$196:$E$211,3,FALSE()))),AND($H18<>"",IFERROR(VLOOKUP($C18,_Données!$A$196:$E$211,4,FALSE()),"")<>"",OR($H18<VLOOKUP($C18,_Données!$A$196:$E$211,4,FALSE()),$H18>VLOOKUP($C18,_Données!$A$196:$E$211,5,FALSE())))),FALSE),"",IFERROR(IF(AND($R18<>"",$R18<>"Aucune option",NOT(OR($C18="Porte Lourde 1 vantail",$C18="Porte Lourde 2 vantaux"))),"⚠ Option valable uniquement pour Porte Lourde",IF(AE18>0,"⚠ Option T/M incompatible avec la gamme",IF(V18=0,IF(AC18>0,AC18,""),IF(V18=-1,"⚠ Dimension non disponible",(V18+W18+X18+Z18+AA18+AB18+AD18)*(1-Paramètres!$B$2)+AC18)))),""))),IF(IFERROR(OR(AND($G18<>"",IFERROR(VLOOKUP($C18,_Données!$A$196:$E$211,2,FALSE()),"")<>"",OR($G18<VLOOKUP($C18,_Données!$A$196:$E$211,2,FALSE()),$G18>VLOOKUP($C18,_Données!$A$196:$E$211,3,FALSE()))),AND($H18<>"",IFERROR(VLOOKUP($C18,_Données!$A$196:$E$211,4,FALSE()),"")<>"",OR($H18<VLOOKUP($C18,_Données!$A$196:$E$211,4,FALSE()),$H18>VLOOKUP($C18,_Données!$A$196:$E$211,5,FALSE())))),FALSE),"",IFERROR(IF(AND($R18<>"",$R18<>"Aucune option",NOT(OR($C18="Porte Lourde 1 vantail",$C18="Porte Lourde 2 vantaux"))),"⚠ Option valable uniquement pour Porte Lourde",IF(AE18>0,"⚠ Option T/M incompatible avec la gamme",IF(V18=0,IF(AC18>0,AC18,""),IF(V18=-1,"⚠ Dimension non disponible",(V18+W18+X18+Z18+AA18+AB18+AD18)*(1-Paramètres!$B$2)+AC18)))),""))+IF($L18="OUI",25,0),IF(IFERROR(OR(AND($G18<>"",IFERROR(VLOOKUP($C18,_Données!$A$196:$E$211,2,FALSE()),"")<>"",OR($G18<VLOOKUP($C18,_Données!$A$196:$E$211,2,FALSE()),$G18>VLOOKUP($C18,_Données!$A$196:$E$211,3,FALSE()))),AND($H18<>"",IFERROR(VLOOKUP($C18,_Données!$A$196:$E$211,4,FALSE()),"")<>"",OR($H18<VLOOKUP($C18,_Données!$A$196:$E$211,4,FALSE()),$H18>VLOOKUP($C18,_Données!$A$196:$E$211,5,FALSE())))),FALSE),"",IFERROR(IF(AND($R18<>"",$R18<>"Aucune option",NOT(OR($C18="Porte Lourde 1 vantail",$C18="Porte Lourde 2 vantaux"))),"⚠ Option valable uniquement pour Porte Lourde",IF(AE18>0,"⚠ Option T/M incompatible avec la gamme",IF(V18=0,IF(AC18>0,AC18,""),IF(V18=-1,"⚠ Dimension non disponible",(V18+W18+X18+Z18+AA18+AB18+AD18)*(1-Paramètres!$B$2)+AC18)))),""))),"")+IFERROR(VLOOKUP($P18,_Données!$A$218:$B$229,2,FALSE())*($G18+2*$H18)/1000,0)+IFERROR(VLOOKUP($Q18,_Données!$A$232:$B$236,2,FALSE())*$G18/1000,0),IFERROR(IF(ISNUMBER(IF(IFERROR(OR(AND($G18<>"",IFERROR(VLOOKUP($C18,_Données!$A$196:$E$211,2,FALSE()),"")<>"",OR($G18<VLOOKUP($C18,_Données!$A$196:$E$211,2,FALSE()),$G18>VLOOKUP($C18,_Données!$A$196:$E$211,3,FALSE()))),AND($H18<>"",IFERROR(VLOOKUP($C18,_Données!$A$196:$E$211,4,FALSE()),"")<>"",OR($H18<VLOOKUP($C18,_Données!$A$196:$E$211,4,FALSE()),$H18>VLOOKUP($C18,_Données!$A$196:$E$211,5,FALSE())))),FALSE),"",IFERROR(IF(AND($R18<>"",$R18<>"Aucune option",NOT(OR($C18="Porte Lourde 1 vantail",$C18="Porte Lourde 2 vantaux"))),"⚠ Option valable uniquement pour Porte Lourde",IF(AE18>0,"⚠ Option T/M incompatible avec la gamme",IF(V18=0,IF(AC18>0,AC18,""),IF(V18=-1,"⚠ Dimension non disponible",(V18+W18+X18+Z18+AA18+AB18+AD18)*(1-Paramètres!$B$2)+AC18)))),""))),IF(IFERROR(OR(AND($G18<>"",IFERROR(VLOOKUP($C18,_Données!$A$196:$E$211,2,FALSE()),"")<>"",OR($G18<VLOOKUP($C18,_Données!$A$196:$E$211,2,FALSE()),$G18>VLOOKUP($C18,_Données!$A$196:$E$211,3,FALSE()))),AND($H18<>"",IFERROR(VLOOKUP($C18,_Données!$A$196:$E$211,4,FALSE()),"")<>"",OR($H18<VLOOKUP($C18,_Données!$A$196:$E$211,4,FALSE()),$H18>VLOOKUP($C18,_Données!$A$196:$E$211,5,FALSE())))),FALSE),"",IFERROR(IF(AND($R18<>"",$R18<>"Aucune option",NOT(OR($C18="Porte Lourde 1 vantail",$C18="Porte Lourde 2 vantaux"))),"⚠ Option valable uniquement pour Porte Lourde",IF(AE18>0,"⚠ Option T/M incompatible avec la gamme",IF(V18=0,IF(AC18>0,AC18,""),IF(V18=-1,"⚠ Dimension non disponible",(V18+W18+X18+Z18+AA18+AB18+AD18)*(1-Paramètres!$B$2)+AC18)))),""))+IF($L18="OUI",25,0),IF(IFERROR(OR(AND($G18<>"",IFERROR(VLOOKUP($C18,_Données!$A$196:$E$211,2,FALSE()),"")<>"",OR($G18<VLOOKUP($C18,_Données!$A$196:$E$211,2,FALSE()),$G18>VLOOKUP($C18,_Données!$A$196:$E$211,3,FALSE()))),AND($H18<>"",IFERROR(VLOOKUP($C18,_Données!$A$196:$E$211,4,FALSE()),"")<>"",OR($H18<VLOOKUP($C18,_Données!$A$196:$E$211,4,FALSE()),$H18>VLOOKUP($C18,_Données!$A$196:$E$211,5,FALSE())))),FALSE),"",IFERROR(IF(AND($R18<>"",$R18<>"Aucune option",NOT(OR($C18="Porte Lourde 1 vantail",$C18="Porte Lourde 2 vantaux"))),"⚠ Option valable uniquement pour Porte Lourde",IF(AE18>0,"⚠ Option T/M incompatible avec la gamme",IF(V18=0,IF(AC18>0,AC18,""),IF(V18=-1,"⚠ Dimension non disponible",(V18+W18+X18+Z18+AA18+AB18+AD18)*(1-Paramètres!$B$2)+AC18)))),""))),"")),"") | T18: =IFERROR(IF(OR(S18="",ISTEXT(S18)),"",S18*$I18),"") | V18: =IFERROR(IF(OR($C18="",$G18="",$H18=""),0,IF(INDIRECT("'"&VLOOKUP($C18,_Données!$A$3:$V$18,2,FALSE())&"'!"&ADDRESS((VLOOKUP($C18,_Données!$A$3:$V$18,12,FALSE())+IFERROR(MATCH(MAX(VLOOKUP($C18,_Données!$A$3:$V$18,18,FALSE()),MIN(VLOOKUP($C18,_Données!$A$3:$V$18,6,FALSE()),(VLOOKUP($C18,_Données!$A$3:$V$18,18,FALSE())+ROUND(($H18-VLOOKUP($C18,_Données!$A$3:$V$18,18,FALSE()))/VLOOKUP($C18,_Données!$A$3:$V$18,19,FALSE()),0)*VLOOKUP($C18,_Données!$A$3:$V$18,19,FALSE())))),INDIRECT("'"&VLOOKUP($C18,_Données!$A$3:$V$18,2,FALSE())&"'!"&ADDRESS(VLOOKUP($C18,_Données!$A$3:$V$18,12,FALSE()),1,4)&":"&ADDRESS(VLOOKUP($C18,_Données!$A$3:$V$18,12,FALSE())+VLOOKUP($C18,_Données!$A$3:$V$18,15,FALSE())-1,1,4)),0),MATCH(MAX(VLOOKUP($C18,_Données!$A$3:$V$18,18,FALSE()),MIN(VLOOKUP($C18,_Données!$A$3:$V$18,6,FALSE()),(VLOOKUP($C18,_Données!$A$3:$V$18,18,FALSE())+ROUND(($H18-VLOOKUP($C18,_Données!$A$3:$V$18,18,FALSE()))/VLOOKUP($C18,_Données!$A$3:$V$18,19,FALSE()),0)*VLOOKUP($C18,_Données!$A$3:$V$18,19,FALSE())))),INDIRECT("'"&VLOOKUP($C18,_Données!$A$3:$V$18,2,FALSE())&"'!"&ADDRESS(VLOOKUP($C18,_Données!$A$3:$V$18,12,FALSE()),1,4)&":"&ADDRESS(VLOOKUP($C18,_Données!$A$3:$V$18,12,FALSE())+VLOOKUP($C18,_Données!$A$3:$V$18,15,FALSE())-1,1,4)),1))-1),(VLOOKUP($C18,_Données!$A$3:$V$18,13,FALSE())+IFERROR(MATCH(MAX(VLOOKUP($C18,_Données!$A$3:$V$18,16,FALSE()),MIN(VLOOKUP($C18,_Données!$A$3:$V$18,4,FALSE()),(VLOOKUP($C18,_Données!$A$3:$V$18,16,FALSE())+ROUND(($G18-VLOOKUP($C18,_Données!$A$3:$V$18,16,FALSE()))/VLOOKUP($C18,_Données!$A$3:$V$18,17,FALSE()),0)*VLOOKUP($C18,_Données!$A$3:$V$18,17,FALSE())))),INDIRECT("'"&VLOOKUP($C18,_Données!$A$3:$V$18,2,FALSE())&"'!"&ADDRESS(VLOOKUP($C18,_Données!$A$3:$V$18,12,FALSE())-1,VLOOKUP($C18,_Données!$A$3:$V$18,13,FALSE()),4)&":"&ADDRESS(VLOOKUP($C18,_Données!$A$3:$V$18,12,FALSE())-1,VLOOKUP($C18,_Données!$A$3:$V$18,13,FALSE())+VLOOKUP($C18,_Données!$A$3:$V$18,14,FALSE())-1,4)),0),MATCH(MAX(VLOOKUP($C18,_Données!$A$3:$V$18,16,FALSE()),MIN(VLOOKUP($C18,_Données!$A$3:$V$18,4,FALSE()),(VLOOKUP($C18,_Données!$A$3:$V$18,16,FALSE())+ROUND(($G18-VLOOKUP($C18,_Données!$A$3:$V$18,16,FALSE()))/VLOOKUP($C18,_Données!$A$3:$V$18,17,FALSE()),0)*VLOOKUP($C18,_Données!$A$3:$V$18,17,FALSE())))),INDIRECT("'"&VLOOKUP($C18,_Données!$A$3:$V$18,2,FALSE())&"'!"&ADDRESS(VLOOKUP($C18,_Données!$A$3:$V$18,12,FALSE())-1,VLOOKUP($C18,_Données!$A$3:$V$18,13,FALSE()),4)&":"&ADDRESS(VLOOKUP($C18,_Données!$A$3:$V$18,12,FALSE())-1,VLOOKUP($C18,_Données!$A$3:$V$18,13,FALSE())+VLOOKUP($C18,_Données!$A$3:$V$18,14,FALSE())-1,4)),1))-1),4))="",-1,INDIRECT("'"&VLOOKUP($C18,_Données!$A$3:$V$18,2,FALSE())&"'!"&ADDRESS((VLOOKUP($C18,_Données!$A$3:$V$18,12,FALSE())+IFERROR(MATCH(MAX(VLOOKUP($C18,_Données!$A$3:$V$18,18,FALSE()),MIN(VLOOKUP($C18,_Données!$A$3:$V$18,6,FALSE()),(VLOOKUP($C18,_Données!$A$3:$V$18,18,FALSE())+ROUND(($H18-VLOOKUP($C18,_Données!$A$3:$V$18,18,FALSE()))/VLOOKUP($C18,_Données!$A$3:$V$18,19,FALSE()),0)*VLOOKUP($C18,_Données!$A$3:$V$18,19,FALSE())))),INDIRECT("'"&VLOOKUP($C18,_Données!$A$3:$V$18,2,FALSE())&"'!"&ADDRESS(VLOOKUP($C18,_Données!$A$3:$V$18,12,FALSE()),1,4)&":"&ADDRESS(VLOOKUP($C18,_Données!$A$3:$V$18,12,FALSE())+VLOOKUP($C18,_Données!$A$3:$V$18,15,FALSE())-1,1,4)),0),MATCH(MAX(VLOOKUP($C18,_Données!$A$3:$V$18,18,FALSE()),MIN(VLOOKUP($C18,_Données!$A$3:$V$18,6,FALSE()),(VLOOKUP($C18,_Données!$A$3:$V$18,18,FALSE())+ROUND(($H18-VLOOKUP($C18,_Données!$A$3:$V$18,18,FALSE()))/VLOOKUP($C18,_Données!$A$3:$V$18,19,FALSE()),0)*VLOOKUP($C18,_Données!$A$3:$V$18,19,FALSE())))),INDIRECT("'"&VLOOKUP($C18,_Données!$A$3:$V$18,2,FALSE())&"'!"&ADDRESS(VLOOKUP($C18,_Données!$A$3:$V$18,12,FALSE()),1,4)&":"&ADDRESS(VLOOKUP($C18,_Données!$A$3:$V$18,12,FALSE())+VLOOKUP($C18,_Données!$A$3:$V$18,15,FALSE())-1,1,4)),1))-1),(VLOOKUP($C18,_Données!$A$3:$V$18,13,FALSE())+IFERROR(MATCH(MAX(VLOOKUP($C18,_Données!$A$3:$V$18,16,FALSE()),MIN(VLOOKUP($C18,_Données!$A$3:$V$18,4,FALSE()),(VLOOKUP($C18,_Données!$A$3:$V$18,16,FALSE())+ROUND(($G18-VLOOKUP($C18,_Données!$A$3:$V$18,16,FALSE()))/VLOOKUP($C18,_Données!$A$3:$V$18,17,FALSE()),0)*VLOOKUP($C18,_Données!$A$3:$V$18,17,FALSE())))),INDIRECT("'"&VLOOKUP($C18,_Données!$A$3:$V$18,2,FALSE())&"'!"&ADDRESS(VLOOKUP($C18,_Données!$A$3:$V$18,12,FALSE())-1,VLOOKUP($C18,_Données!$A$3:$V$18,13,FALSE()),4)&":"&ADDRESS(VLOOKUP($C18,_Données!$A$3:$V$18,12,FALSE())-1,VLOOKUP($C18,_Données!$A$3:$V$18,13,FALSE())+VLOOKUP($C18,_Données!$A$3:$V$18,14,FALSE())-1,4)),0),MATCH(MAX(VLOOKUP($C18,_Données!$A$3:$V$18,16,FALSE()),MIN(VLOOKUP($C18,_Données!$A$3:$V$18,4,FALSE()),(VLOOKUP($C18,_Données!$A$3:$V$18,16,FALSE())+ROUND(($G18-VLOOKUP($C18,_Données!$A$3:$V$18,16,FALSE()))/VLOOKUP($C18,_Données!$A$3:$V$18,17,FALSE()),0)*VLOOKUP($C18,_Données!$A$3:$V$18,17,FALSE())))),INDIRECT("'"&VLOOKUP($C18,_Données!$A$3:$V$18,2,FALSE())&"'!"&ADDRESS(VLOOKUP($C18,_Données!$A$3:$V$18,12,FALSE())-1,VLOOKUP($C18,_Données!$A$3:$V$18,13,FALSE()),4)&":"&ADDRESS(VLOOKUP($C18,_Données!$A$3:$V$18,12,FALSE())-1,VLOOKUP($C18,_Données!$A$3:$V$18,13,FALSE())+VLOOKUP($C18,_Données!$A$3:$V$18,14,FALSE())-1,4)),1))-1),4)))),0) -> 0 | W18: =IFERROR(IF(V18=0,0,IF(MAX(VLOOKUP($C18,_Données!$A$3:$V$18,18,FALSE()),MIN(VLOOKUP($C18,_Données!$A$3:$V$18,6,FALSE()),(VLOOKUP($C18,_Données!$A$3:$V$18,18,FALSE())+ROUND(($H18-VLOOKUP($C18,_Données!$A$3:$V$18,18,FALSE()))/VLOOKUP($C18,_Données!$A$3:$V$18,19,FALSE()),0)*VLOOKUP($C18,_Données!$A$3:$V$18,19,FALSE()))))>=VLOOKUP($C18,_Données!$A$3:$V$18,10,FALSE()),V18*VLOOKUP($C18,_Données!$A$3:$V$18,11,FALSE()),0)),0) -> 0 | X18: =IFERROR(IF(OR($D18="",V18=0),0,V18*VLOOKUP($D18,_Données!$A$21:$C$28,2,FALSE())),0) -> 0 | Y18: =IFERROR(IF($D18="",0,VLOOKUP($D18,_Données!$A$21:$C$28,3,FALSE())),0) -> 0 | Z18: =IFERROR(IF($E18="",0,VLOOKUP($E18,_Données!$A$48:$C$104,2,FALSE())),0) -> 0 | AA18: =IFERROR(IF(OR($F18="",$G18="",$H18=""),0,VLOOKUP($F18,_Données!$A$33:$C$43,2,FALSE())*2*($G18+$H18)/1000),0) -> 0 | AB18: =IFERROR(IF(OR($F18="",V18=0),0,V18*VLOOKUP($F18,_Données!$A$33:$C$43,3,FALSE())),0) -> 0 | AC18: =IFERROR(IF(OR($R18="",$R18="Aucune option",NOT(OR($C18="Porte Lourde 1 vantail",$C18="Porte Lourde 2 vantaux"))),0,VLOOKUP($R18,_Données!$A$109:$C$125,2,FALSE())*0.75*IF(VLOOKUP($R18,_Données!$A$109:$C$125,3,FALSE())=1,IF($C18="Porte Lourde 1 vantail",1,IF($C18="Porte Lourde 2 vantaux",2,1)),1)*(1-Paramètres!$B$2)),0) -> 0 | AD18: =IFERROR(IF(OR($M18="",$M18="Aucune"),0,VLOOKUP($C18&"|"&$M18,_Données!$A$132:$B$146,2,FALSE())*IF(LEFT($M18,8)="Traverse",$G18,$H18)/1000),0)+IFERROR(IF(OR($N18="",$N18="Aucune"),0,VLOOKUP($C18&"|"&$N18,_Données!$A$132:$B$146,2,FALSE())*IF(LEFT($N18,8)="Traverse",$G18,$H18)/1000),0)+IFERROR(IF(OR($O18="",$O18="Aucune"),0,VLOOKUP($C18&"|"&$O18,_Données!$A$132:$B$146,2,FALSE())*IF(LEFT($O18,8)="Traverse",$G18,$H18)/1000),0) -> 0 | AE18: =IF(AND($M18<>"",$M18<>"Aucune"),IF(ISNA(VLOOKUP($C18&"|"&$M18,_Données!$A$132:$B$146,2,FALSE())),1,0),0)+IF(AND($N18<>"",$N18<>"Aucune"),IF(ISNA(VLOOKUP($C18&"|"&$N18,_Données!$A$132:$B$146,2,FALSE())),1,0),0)+IF(AND($O18<>"",$O18<>"Aucune"),IF(ISNA(VLOOKUP($C18&"|"&$O18,_Données!$A$132:$B$146,2,FALSE())),1,0),0) -> 0 | AF18: =IF(LEFT($M18,8)="Traverse",$M18,"") | AG18: =IF(LEFT($N18,8)="Traverse",$N18,"") | AH18: =IF(LEFT($O18,8)="Traverse",$O18,"") | AI18: =IF(LEFT($M18,6)="Meneau",$M18,"") | AJ18: =IF(LEFT($N18,6)="Meneau",$N18,"") | AK18: =IF(LEFT($O18,6)="Meneau",$O18,"") | AL18: =IF(AND(AF18="",AG18="",AH18=""),"",CHAR(10)&"Traverses : "&AF18&IF(AND(AF18<>"",AG18<>""),", ","")&AG18&IF(AND(OR(AF18<>"",AG18<>""),AH18<>""),", ","")&AH18) | AM18: =IF(AND(AI18="",AJ18="",AK18=""),"",CHAR(10)&"Meneaux : "&AI18&IF(AND(AI18<>"",AJ18<>""),", ","")&AJ18&IF(AND(OR(AI18<>"",AJ18<>""),AK18<>""),", ","")&AK18)
A19: 6 | J19: =IF($C19="","",$C19&" aluminium"&IF(OR($G19="",$H19=""),"",", "&$G19&" × "&$H19&" mm")&IF(OR(AND($G19<>"",IFERROR(VLOOKUP($C19,_Données!$A$196:$E$211,2,FALSE()),"")<>"",OR($G19<IFERROR(VLOOKUP($C19,_Données!$A$196:$E$211,2,FALSE()),""),$G19>IFERROR(VLOOKUP($C19,_Données!$A$196:$E$211,3,FALSE()),""))),AND($H19<>"",IFERROR(VLOOKUP($C19,_Données!$A$196:$E$211,4,FALSE()),"")<>"",OR($H19<IFERROR(VLOOKUP($C19,_Données!$A$196:$E$211,4,FALSE()),""),$H19>IFERROR(VLOOKUP($C19,_Données!$A$196:$E$211,5,FALSE()),"")))),CHAR(10)&"⚠ Hors abaque (L "&IFERROR(VLOOKUP($C19,_Données!$A$196:$E$211,2,FALSE()),"")&"–"&IFERROR(VLOOKUP($C19,_Données!$A$196:$E$211,3,FALSE()),"")&" / H "&IFERROR(VLOOKUP($C19,_Données!$A$196:$E$211,4,FALSE()),"")&"–"&IFERROR(VLOOKUP($C19,_Données!$A$196:$E$211,5,FALSE()),"")&" mm)","")&IF(IFERROR(VLOOKUP($C19,_Données!$A$158:$B$173,2,FALSE()),"")="","",CHAR(10)&"Système : "&VLOOKUP($C19,_Données!$A$158:$B$173,2,FALSE()))&IF($D19="","",CHAR(10)&"Traitement surface : "&$D19)&IF($E19="","",CHAR(10)&"Vitrage : "&$E19)&IF($F19="","",CHAR(10)&"Cadre : "&$F19)&IF(OR(IFERROR(VLOOKUP($C19,_Données!$A$177:$C$192,2,FALSE()),"")="",AND(OR($C19="Porte Lourde 1 vantail",$C19="Porte Lourde 2 vantaux"),OR(ISNUMBER(SEARCH("ventouse",$R19)),ISNUMBER(SEARCH("antipanique",$R19))))),"",CHAR(10)&"Poignée : "&IFERROR(VLOOKUP($C19,_Données!$A$177:$C$192,2,FALSE()),""))&IF(OR(IFERROR(VLOOKUP($C19,_Données!$A$177:$C$192,3,FALSE()),"")="",AND(OR($C19="Porte Lourde 1 vantail",$C19="Porte Lourde 2 vantaux"),OR(ISNUMBER(SEARCH("ventouse",$R19)),ISNUMBER(SEARCH("antipanique",$R19))))),"",CHAR(10)&"Fermeture : "&IFERROR(VLOOKUP($C19,_Données!$A$177:$C$192,3,FALSE()),""))&AL19&AM19&IF(AND($R19<>"",$R19<>"Aucune option"),CHAR(10)&"Option : "&$R19,"")&IF($L19="OUI",CHAR(10)&"Grille de ventilation","")&IF(AND($P19<>"",$P19<>"Aucun"),CHAR(10)&"Habillage extérieur : "&$P19,"")&IF(AND($Q19<>"",$Q19<>"Aucune"),CHAR(10)&"Bavette : "&$Q19,"")) | S19: =IFERROR(IF(ISNUMBER(IFERROR(IF(ISNUMBER(IF(IFERROR(OR(AND($G19<>"",IFERROR(VLOOKUP($C19,_Données!$A$196:$E$211,2,FALSE()),"")<>"",OR($G19<VLOOKUP($C19,_Données!$A$196:$E$211,2,FALSE()),$G19>VLOOKUP($C19,_Données!$A$196:$E$211,3,FALSE()))),AND($H19<>"",IFERROR(VLOOKUP($C19,_Données!$A$196:$E$211,4,FALSE()),"")<>"",OR($H19<VLOOKUP($C19,_Données!$A$196:$E$211,4,FALSE()),$H19>VLOOKUP($C19,_Données!$A$196:$E$211,5,FALSE())))),FALSE),"",IFERROR(IF(AND($R19<>"",$R19<>"Aucune option",NOT(OR($C19="Porte Lourde 1 vantail",$C19="Porte Lourde 2 vantaux"))),"⚠ Option valable uniquement pour Porte Lourde",IF(AE19>0,"⚠ Option T/M incompatible avec la gamme",IF(V19=0,IF(AC19>0,AC19,""),IF(V19=-1,"⚠ Dimension non disponible",(V19+W19+X19+Z19+AA19+AB19+AD19)*(1-Paramètres!$B$2)+AC19)))),""))),IF(IFERROR(OR(AND($G19<>"",IFERROR(VLOOKUP($C19,_Données!$A$196:$E$211,2,FALSE()),"")<>"",OR($G19<VLOOKUP($C19,_Données!$A$196:$E$211,2,FALSE()),$G19>VLOOKUP($C19,_Données!$A$196:$E$211,3,FALSE()))),AND($H19<>"",IFERROR(VLOOKUP($C19,_Données!$A$196:$E$211,4,FALSE()),"")<>"",OR($H19<VLOOKUP($C19,_Données!$A$196:$E$211,4,FALSE()),$H19>VLOOKUP($C19,_Données!$A$196:$E$211,5,FALSE())))),FALSE),"",IFERROR(IF(AND($R19<>"",$R19<>"Aucune option",NOT(OR($C19="Porte Lourde 1 vantail",$C19="Porte Lourde 2 vantaux"))),"⚠ Option valable uniquement pour Porte Lourde",IF(AE19>0,"⚠ Option T/M incompatible avec la gamme",IF(V19=0,IF(AC19>0,AC19,""),IF(V19=-1,"⚠ Dimension non disponible",(V19+W19+X19+Z19+AA19+AB19+AD19)*(1-Paramètres!$B$2)+AC19)))),""))+IF($L19="OUI",25,0),IF(IFERROR(OR(AND($G19<>"",IFERROR(VLOOKUP($C19,_Données!$A$196:$E$211,2,FALSE()),"")<>"",OR($G19<VLOOKUP($C19,_Données!$A$196:$E$211,2,FALSE()),$G19>VLOOKUP($C19,_Données!$A$196:$E$211,3,FALSE()))),AND($H19<>"",IFERROR(VLOOKUP($C19,_Données!$A$196:$E$211,4,FALSE()),"")<>"",OR($H19<VLOOKUP($C19,_Données!$A$196:$E$211,4,FALSE()),$H19>VLOOKUP($C19,_Données!$A$196:$E$211,5,FALSE())))),FALSE),"",IFERROR(IF(AND($R19<>"",$R19<>"Aucune option",NOT(OR($C19="Porte Lourde 1 vantail",$C19="Porte Lourde 2 vantaux"))),"⚠ Option valable uniquement pour Porte Lourde",IF(AE19>0,"⚠ Option T/M incompatible avec la gamme",IF(V19=0,IF(AC19>0,AC19,""),IF(V19=-1,"⚠ Dimension non disponible",(V19+W19+X19+Z19+AA19+AB19+AD19)*(1-Paramètres!$B$2)+AC19)))),""))),"")),IFERROR(IF(ISNUMBER(IF(IFERROR(OR(AND($G19<>"",IFERROR(VLOOKUP($C19,_Données!$A$196:$E$211,2,FALSE()),"")<>"",OR($G19<VLOOKUP($C19,_Données!$A$196:$E$211,2,FALSE()),$G19>VLOOKUP($C19,_Données!$A$196:$E$211,3,FALSE()))),AND($H19<>"",IFERROR(VLOOKUP($C19,_Données!$A$196:$E$211,4,FALSE()),"")<>"",OR($H19<VLOOKUP($C19,_Données!$A$196:$E$211,4,FALSE()),$H19>VLOOKUP($C19,_Données!$A$196:$E$211,5,FALSE())))),FALSE),"",IFERROR(IF(AND($R19<>"",$R19<>"Aucune option",NOT(OR($C19="Porte Lourde 1 vantail",$C19="Porte Lourde 2 vantaux"))),"⚠ Option valable uniquement pour Porte Lourde",IF(AE19>0,"⚠ Option T/M incompatible avec la gamme",IF(V19=0,IF(AC19>0,AC19,""),IF(V19=-1,"⚠ Dimension non disponible",(V19+W19+X19+Z19+AA19+AB19+AD19)*(1-Paramètres!$B$2)+AC19)))),""))),IF(IFERROR(OR(AND($G19<>"",IFERROR(VLOOKUP($C19,_Données!$A$196:$E$211,2,FALSE()),"")<>"",OR($G19<VLOOKUP($C19,_Données!$A$196:$E$211,2,FALSE()),$G19>VLOOKUP($C19,_Données!$A$196:$E$211,3,FALSE()))),AND($H19<>"",IFERROR(VLOOKUP($C19,_Données!$A$196:$E$211,4,FALSE()),"")<>"",OR($H19<VLOOKUP($C19,_Données!$A$196:$E$211,4,FALSE()),$H19>VLOOKUP($C19,_Données!$A$196:$E$211,5,FALSE())))),FALSE),"",IFERROR(IF(AND($R19<>"",$R19<>"Aucune option",NOT(OR($C19="Porte Lourde 1 vantail",$C19="Porte Lourde 2 vantaux"))),"⚠ Option valable uniquement pour Porte Lourde",IF(AE19>0,"⚠ Option T/M incompatible avec la gamme",IF(V19=0,IF(AC19>0,AC19,""),IF(V19=-1,"⚠ Dimension non disponible",(V19+W19+X19+Z19+AA19+AB19+AD19)*(1-Paramètres!$B$2)+AC19)))),""))+IF($L19="OUI",25,0),IF(IFERROR(OR(AND($G19<>"",IFERROR(VLOOKUP($C19,_Données!$A$196:$E$211,2,FALSE()),"")<>"",OR($G19<VLOOKUP($C19,_Données!$A$196:$E$211,2,FALSE()),$G19>VLOOKUP($C19,_Données!$A$196:$E$211,3,FALSE()))),AND($H19<>"",IFERROR(VLOOKUP($C19,_Données!$A$196:$E$211,4,FALSE()),"")<>"",OR($H19<VLOOKUP($C19,_Données!$A$196:$E$211,4,FALSE()),$H19>VLOOKUP($C19,_Données!$A$196:$E$211,5,FALSE())))),FALSE),"",IFERROR(IF(AND($R19<>"",$R19<>"Aucune option",NOT(OR($C19="Porte Lourde 1 vantail",$C19="Porte Lourde 2 vantaux"))),"⚠ Option valable uniquement pour Porte Lourde",IF(AE19>0,"⚠ Option T/M incompatible avec la gamme",IF(V19=0,IF(AC19>0,AC19,""),IF(V19=-1,"⚠ Dimension non disponible",(V19+W19+X19+Z19+AA19+AB19+AD19)*(1-Paramètres!$B$2)+AC19)))),""))),"")+IFERROR(VLOOKUP($P19,_Données!$A$218:$B$229,2,FALSE())*($G19+2*$H19)/1000,0)+IFERROR(VLOOKUP($Q19,_Données!$A$232:$B$236,2,FALSE())*$G19/1000,0),IFERROR(IF(ISNUMBER(IF(IFERROR(OR(AND($G19<>"",IFERROR(VLOOKUP($C19,_Données!$A$196:$E$211,2,FALSE()),"")<>"",OR($G19<VLOOKUP($C19,_Données!$A$196:$E$211,2,FALSE()),$G19>VLOOKUP($C19,_Données!$A$196:$E$211,3,FALSE()))),AND($H19<>"",IFERROR(VLOOKUP($C19,_Données!$A$196:$E$211,4,FALSE()),"")<>"",OR($H19<VLOOKUP($C19,_Données!$A$196:$E$211,4,FALSE()),$H19>VLOOKUP($C19,_Données!$A$196:$E$211,5,FALSE())))),FALSE),"",IFERROR(IF(AND($R19<>"",$R19<>"Aucune option",NOT(OR($C19="Porte Lourde 1 vantail",$C19="Porte Lourde 2 vantaux"))),"⚠ Option valable uniquement pour Porte Lourde",IF(AE19>0,"⚠ Option T/M incompatible avec la gamme",IF(V19=0,IF(AC19>0,AC19,""),IF(V19=-1,"⚠ Dimension non disponible",(V19+W19+X19+Z19+AA19+AB19+AD19)*(1-Paramètres!$B$2)+AC19)))),""))),IF(IFERROR(OR(AND($G19<>"",IFERROR(VLOOKUP($C19,_Données!$A$196:$E$211,2,FALSE()),"")<>"",OR($G19<VLOOKUP($C19,_Données!$A$196:$E$211,2,FALSE()),$G19>VLOOKUP($C19,_Données!$A$196:$E$211,3,FALSE()))),AND($H19<>"",IFERROR(VLOOKUP($C19,_Données!$A$196:$E$211,4,FALSE()),"")<>"",OR($H19<VLOOKUP($C19,_Données!$A$196:$E$211,4,FALSE()),$H19>VLOOKUP($C19,_Données!$A$196:$E$211,5,FALSE())))),FALSE),"",IFERROR(IF(AND($R19<>"",$R19<>"Aucune option",NOT(OR($C19="Porte Lourde 1 vantail",$C19="Porte Lourde 2 vantaux"))),"⚠ Option valable uniquement pour Porte Lourde",IF(AE19>0,"⚠ Option T/M incompatible avec la gamme",IF(V19=0,IF(AC19>0,AC19,""),IF(V19=-1,"⚠ Dimension non disponible",(V19+W19+X19+Z19+AA19+AB19+AD19)*(1-Paramètres!$B$2)+AC19)))),""))+IF($L19="OUI",25,0),IF(IFERROR(OR(AND($G19<>"",IFERROR(VLOOKUP($C19,_Données!$A$196:$E$211,2,FALSE()),"")<>"",OR($G19<VLOOKUP($C19,_Données!$A$196:$E$211,2,FALSE()),$G19>VLOOKUP($C19,_Données!$A$196:$E$211,3,FALSE()))),AND($H19<>"",IFERROR(VLOOKUP($C19,_Données!$A$196:$E$211,4,FALSE()),"")<>"",OR($H19<VLOOKUP($C19,_Données!$A$196:$E$211,4,FALSE()),$H19>VLOOKUP($C19,_Données!$A$196:$E$211,5,FALSE())))),FALSE),"",IFERROR(IF(AND($R19<>"",$R19<>"Aucune option",NOT(OR($C19="Porte Lourde 1 vantail",$C19="Porte Lourde 2 vantaux"))),"⚠ Option valable uniquement pour Porte Lourde",IF(AE19>0,"⚠ Option T/M incompatible avec la gamme",IF(V19=0,IF(AC19>0,AC19,""),IF(V19=-1,"⚠ Dimension non disponible",(V19+W19+X19+Z19+AA19+AB19+AD19)*(1-Paramètres!$B$2)+AC19)))),""))),"")),"") | T19: =IFERROR(IF(OR(S19="",ISTEXT(S19)),"",S19*$I19),"") | V19: =IFERROR(IF(OR($C19="",$G19="",$H19=""),0,IF(INDIRECT("'"&VLOOKUP($C19,_Données!$A$3:$V$18,2,FALSE())&"'!"&ADDRESS((VLOOKUP($C19,_Données!$A$3:$V$18,12,FALSE())+IFERROR(MATCH(MAX(VLOOKUP($C19,_Données!$A$3:$V$18,18,FALSE()),MIN(VLOOKUP($C19,_Données!$A$3:$V$18,6,FALSE()),(VLOOKUP($C19,_Données!$A$3:$V$18,18,FALSE())+ROUND(($H19-VLOOKUP($C19,_Données!$A$3:$V$18,18,FALSE()))/VLOOKUP($C19,_Données!$A$3:$V$18,19,FALSE()),0)*VLOOKUP($C19,_Données!$A$3:$V$18,19,FALSE())))),INDIRECT("'"&VLOOKUP($C19,_Données!$A$3:$V$18,2,FALSE())&"'!"&ADDRESS(VLOOKUP($C19,_Données!$A$3:$V$18,12,FALSE()),1,4)&":"&ADDRESS(VLOOKUP($C19,_Données!$A$3:$V$18,12,FALSE())+VLOOKUP($C19,_Données!$A$3:$V$18,15,FALSE())-1,1,4)),0),MATCH(MAX(VLOOKUP($C19,_Données!$A$3:$V$18,18,FALSE()),MIN(VLOOKUP($C19,_Données!$A$3:$V$18,6,FALSE()),(VLOOKUP($C19,_Données!$A$3:$V$18,18,FALSE())+ROUND(($H19-VLOOKUP($C19,_Données!$A$3:$V$18,18,FALSE()))/VLOOKUP($C19,_Données!$A$3:$V$18,19,FALSE()),0)*VLOOKUP($C19,_Données!$A$3:$V$18,19,FALSE())))),INDIRECT("'"&VLOOKUP($C19,_Données!$A$3:$V$18,2,FALSE())&"'!"&ADDRESS(VLOOKUP($C19,_Données!$A$3:$V$18,12,FALSE()),1,4)&":"&ADDRESS(VLOOKUP($C19,_Données!$A$3:$V$18,12,FALSE())+VLOOKUP($C19,_Données!$A$3:$V$18,15,FALSE())-1,1,4)),1))-1),(VLOOKUP($C19,_Données!$A$3:$V$18,13,FALSE())+IFERROR(MATCH(MAX(VLOOKUP($C19,_Données!$A$3:$V$18,16,FALSE()),MIN(VLOOKUP($C19,_Données!$A$3:$V$18,4,FALSE()),(VLOOKUP($C19,_Données!$A$3:$V$18,16,FALSE())+ROUND(($G19-VLOOKUP($C19,_Données!$A$3:$V$18,16,FALSE()))/VLOOKUP($C19,_Données!$A$3:$V$18,17,FALSE()),0)*VLOOKUP($C19,_Données!$A$3:$V$18,17,FALSE())))),INDIRECT("'"&VLOOKUP($C19,_Données!$A$3:$V$18,2,FALSE())&"'!"&ADDRESS(VLOOKUP($C19,_Données!$A$3:$V$18,12,FALSE())-1,VLOOKUP($C19,_Données!$A$3:$V$18,13,FALSE()),4)&":"&ADDRESS(VLOOKUP($C19,_Données!$A$3:$V$18,12,FALSE())-1,VLOOKUP($C19,_Données!$A$3:$V$18,13,FALSE())+VLOOKUP($C19,_Données!$A$3:$V$18,14,FALSE())-1,4)),0),MATCH(MAX(VLOOKUP($C19,_Données!$A$3:$V$18,16,FALSE()),MIN(VLOOKUP($C19,_Données!$A$3:$V$18,4,FALSE()),(VLOOKUP($C19,_Données!$A$3:$V$18,16,FALSE())+ROUND(($G19-VLOOKUP($C19,_Données!$A$3:$V$18,16,FALSE()))/VLOOKUP($C19,_Données!$A$3:$V$18,17,FALSE()),0)*VLOOKUP($C19,_Données!$A$3:$V$18,17,FALSE())))),INDIRECT("'"&VLOOKUP($C19,_Données!$A$3:$V$18,2,FALSE())&"'!"&ADDRESS(VLOOKUP($C19,_Données!$A$3:$V$18,12,FALSE())-1,VLOOKUP($C19,_Données!$A$3:$V$18,13,FALSE()),4)&":"&ADDRESS(VLOOKUP($C19,_Données!$A$3:$V$18,12,FALSE())-1,VLOOKUP($C19,_Données!$A$3:$V$18,13,FALSE())+VLOOKUP($C19,_Données!$A$3:$V$18,14,FALSE())-1,4)),1))-1),4))="",-1,INDIRECT("'"&VLOOKUP($C19,_Données!$A$3:$V$18,2,FALSE())&"'!"&ADDRESS((VLOOKUP($C19,_Données!$A$3:$V$18,12,FALSE())+IFERROR(MATCH(MAX(VLOOKUP($C19,_Données!$A$3:$V$18,18,FALSE()),MIN(VLOOKUP($C19,_Données!$A$3:$V$18,6,FALSE()),(VLOOKUP($C19,_Données!$A$3:$V$18,18,FALSE())+ROUND(($H19-VLOOKUP($C19,_Données!$A$3:$V$18,18,FALSE()))/VLOOKUP($C19,_Données!$A$3:$V$18,19,FALSE()),0)*VLOOKUP($C19,_Données!$A$3:$V$18,19,FALSE())))),INDIRECT("'"&VLOOKUP($C19,_Données!$A$3:$V$18,2,FALSE())&"'!"&ADDRESS(VLOOKUP($C19,_Données!$A$3:$V$18,12,FALSE()),1,4)&":"&ADDRESS(VLOOKUP($C19,_Données!$A$3:$V$18,12,FALSE())+VLOOKUP($C19,_Données!$A$3:$V$18,15,FALSE())-1,1,4)),0),MATCH(MAX(VLOOKUP($C19,_Données!$A$3:$V$18,18,FALSE()),MIN(VLOOKUP($C19,_Données!$A$3:$V$18,6,FALSE()),(VLOOKUP($C19,_Données!$A$3:$V$18,18,FALSE())+ROUND(($H19-VLOOKUP($C19,_Données!$A$3:$V$18,18,FALSE()))/VLOOKUP($C19,_Données!$A$3:$V$18,19,FALSE()),0)*VLOOKUP($C19,_Données!$A$3:$V$18,19,FALSE())))),INDIRECT("'"&VLOOKUP($C19,_Données!$A$3:$V$18,2,FALSE())&"'!"&ADDRESS(VLOOKUP($C19,_Données!$A$3:$V$18,12,FALSE()),1,4)&":"&ADDRESS(VLOOKUP($C19,_Données!$A$3:$V$18,12,FALSE())+VLOOKUP($C19,_Données!$A$3:$V$18,15,FALSE())-1,1,4)),1))-1),(VLOOKUP($C19,_Données!$A$3:$V$18,13,FALSE())+IFERROR(MATCH(MAX(VLOOKUP($C19,_Données!$A$3:$V$18,16,FALSE()),MIN(VLOOKUP($C19,_Données!$A$3:$V$18,4,FALSE()),(VLOOKUP($C19,_Données!$A$3:$V$18,16,FALSE())+ROUND(($G19-VLOOKUP($C19,_Données!$A$3:$V$18,16,FALSE()))/VLOOKUP($C19,_Données!$A$3:$V$18,17,FALSE()),0)*VLOOKUP($C19,_Données!$A$3:$V$18,17,FALSE())))),INDIRECT("'"&VLOOKUP($C19,_Données!$A$3:$V$18,2,FALSE())&"'!"&ADDRESS(VLOOKUP($C19,_Données!$A$3:$V$18,12,FALSE())-1,VLOOKUP($C19,_Données!$A$3:$V$18,13,FALSE()),4)&":"&ADDRESS(VLOOKUP($C19,_Données!$A$3:$V$18,12,FALSE())-1,VLOOKUP($C19,_Données!$A$3:$V$18,13,FALSE())+VLOOKUP($C19,_Données!$A$3:$V$18,14,FALSE())-1,4)),0),MATCH(MAX(VLOOKUP($C19,_Données!$A$3:$V$18,16,FALSE()),MIN(VLOOKUP($C19,_Données!$A$3:$V$18,4,FALSE()),(VLOOKUP($C19,_Données!$A$3:$V$18,16,FALSE())+ROUND(($G19-VLOOKUP($C19,_Données!$A$3:$V$18,16,FALSE()))/VLOOKUP($C19,_Données!$A$3:$V$18,17,FALSE()),0)*VLOOKUP($C19,_Données!$A$3:$V$18,17,FALSE())))),INDIRECT("'"&VLOOKUP($C19,_Données!$A$3:$V$18,2,FALSE())&"'!"&ADDRESS(VLOOKUP($C19,_Données!$A$3:$V$18,12,FALSE())-1,VLOOKUP($C19,_Données!$A$3:$V$18,13,FALSE()),4)&":"&ADDRESS(VLOOKUP($C19,_Données!$A$3:$V$18,12,FALSE())-1,VLOOKUP($C19,_Données!$A$3:$V$18,13,FALSE())+VLOOKUP($C19,_Données!$A$3:$V$18,14,FALSE())-1,4)),1))-1),4)))),0) -> 0 | W19: =IFERROR(IF(V19=0,0,IF(MAX(VLOOKUP($C19,_Données!$A$3:$V$18,18,FALSE()),MIN(VLOOKUP($C19,_Données!$A$3:$V$18,6,FALSE()),(VLOOKUP($C19,_Données!$A$3:$V$18,18,FALSE())+ROUND(($H19-VLOOKUP($C19,_Données!$A$3:$V$18,18,FALSE()))/VLOOKUP($C19,_Données!$A$3:$V$18,19,FALSE()),0)*VLOOKUP($C19,_Données!$A$3:$V$18,19,FALSE()))))>=VLOOKUP($C19,_Données!$A$3:$V$18,10,FALSE()),V19*VLOOKUP($C19,_Données!$A$3:$V$18,11,FALSE()),0)),0) -> 0 | X19: =IFERROR(IF(OR($D19="",V19=0),0,V19*VLOOKUP($D19,_Données!$A$21:$C$28,2,FALSE())),0) -> 0 | Y19: =IFERROR(IF($D19="",0,VLOOKUP($D19,_Données!$A$21:$C$28,3,FALSE())),0) -> 0 | Z19: =IFERROR(IF($E19="",0,VLOOKUP($E19,_Données!$A$48:$C$104,2,FALSE())),0) -> 0 | AA19: =IFERROR(IF(OR($F19="",$G19="",$H19=""),0,VLOOKUP($F19,_Données!$A$33:$C$43,2,FALSE())*2*($G19+$H19)/1000),0) -> 0 | AB19: =IFERROR(IF(OR($F19="",V19=0),0,V19*VLOOKUP($F19,_Données!$A$33:$C$43,3,FALSE())),0) -> 0 | AC19: =IFERROR(IF(OR($R19="",$R19="Aucune option",NOT(OR($C19="Porte Lourde 1 vantail",$C19="Porte Lourde 2 vantaux"))),0,VLOOKUP($R19,_Données!$A$109:$C$125,2,FALSE())*0.75*IF(VLOOKUP($R19,_Données!$A$109:$C$125,3,FALSE())=1,IF($C19="Porte Lourde 1 vantail",1,IF($C19="Porte Lourde 2 vantaux",2,1)),1)*(1-Paramètres!$B$2)),0) -> 0 | AD19: =IFERROR(IF(OR($M19="",$M19="Aucune"),0,VLOOKUP($C19&"|"&$M19,_Données!$A$132:$B$146,2,FALSE())*IF(LEFT($M19,8)="Traverse",$G19,$H19)/1000),0)+IFERROR(IF(OR($N19="",$N19="Aucune"),0,VLOOKUP($C19&"|"&$N19,_Données!$A$132:$B$146,2,FALSE())*IF(LEFT($N19,8)="Traverse",$G19,$H19)/1000),0)+IFERROR(IF(OR($O19="",$O19="Aucune"),0,VLOOKUP($C19&"|"&$O19,_Données!$A$132:$B$146,2,FALSE())*IF(LEFT($O19,8)="Traverse",$G19,$H19)/1000),0) -> 0 | AE19: =IF(AND($M19<>"",$M19<>"Aucune"),IF(ISNA(VLOOKUP($C19&"|"&$M19,_Données!$A$132:$B$146,2,FALSE())),1,0),0)+IF(AND($N19<>"",$N19<>"Aucune"),IF(ISNA(VLOOKUP($C19&"|"&$N19,_Données!$A$132:$B$146,2,FALSE())),1,0),0)+IF(AND($O19<>"",$O19<>"Aucune"),IF(ISNA(VLOOKUP($C19&"|"&$O19,_Données!$A$132:$B$146,2,FALSE())),1,0),0) -> 0 | AF19: =IF(LEFT($M19,8)="Traverse",$M19,"") | AG19: =IF(LEFT($N19,8)="Traverse",$N19,"") | AH19: =IF(LEFT($O19,8)="Traverse",$O19,"") | AI19: =IF(LEFT($M19,6)="Meneau",$M19,"") | AJ19: =IF(LEFT($N19,6)="Meneau",$N19,"") | AK19: =IF(LEFT($O19,6)="Meneau",$O19,"") | AL19: =IF(AND(AF19="",AG19="",AH19=""),"",CHAR(10)&"Traverses : "&AF19&IF(AND(AF19<>"",AG19<>""),", ","")&AG19&IF(AND(OR(AF19<>"",AG19<>""),AH19<>""),", ","")&AH19) | AM19: =IF(AND(AI19="",AJ19="",AK19=""),"",CHAR(10)&"Meneaux : "&AI19&IF(AND(AI19<>"",AJ19<>""),", ","")&AJ19&IF(AND(OR(AI19<>"",AJ19<>""),AK19<>""),", ","")&AK19)
A20: 7 | J20: =IF($C20="","",$C20&" aluminium"&IF(OR($G20="",$H20=""),"",", "&$G20&" × "&$H20&" mm")&IF(OR(AND($G20<>"",IFERROR(VLOOKUP($C20,_Données!$A$196:$E$211,2,FALSE()),"")<>"",OR($G20<IFERROR(VLOOKUP($C20,_Données!$A$196:$E$211,2,FALSE()),""),$G20>IFERROR(VLOOKUP($C20,_Données!$A$196:$E$211,3,FALSE()),""))),AND($H20<>"",IFERROR(VLOOKUP($C20,_Données!$A$196:$E$211,4,FALSE()),"")<>"",OR($H20<IFERROR(VLOOKUP($C20,_Données!$A$196:$E$211,4,FALSE()),""),$H20>IFERROR(VLOOKUP($C20,_Données!$A$196:$E$211,5,FALSE()),"")))),CHAR(10)&"⚠ Hors abaque (L "&IFERROR(VLOOKUP($C20,_Données!$A$196:$E$211,2,FALSE()),"")&"–"&IFERROR(VLOOKUP($C20,_Données!$A$196:$E$211,3,FALSE()),"")&" / H "&IFERROR(VLOOKUP($C20,_Données!$A$196:$E$211,4,FALSE()),"")&"–"&IFERROR(VLOOKUP($C20,_Données!$A$196:$E$211,5,FALSE()),"")&" mm)","")&IF(IFERROR(VLOOKUP($C20,_Données!$A$158:$B$173,2,FALSE()),"")="","",CHAR(10)&"Système : "&VLOOKUP($C20,_Données!$A$158:$B$173,2,FALSE()))&IF($D20="","",CHAR(10)&"Traitement surface : "&$D20)&IF($E20="","",CHAR(10)&"Vitrage : "&$E20)&IF($F20="","",CHAR(10)&"Cadre : "&$F20)&IF(OR(IFERROR(VLOOKUP($C20,_Données!$A$177:$C$192,2,FALSE()),"")="",AND(OR($C20="Porte Lourde 1 vantail",$C20="Porte Lourde 2 vantaux"),OR(ISNUMBER(SEARCH("ventouse",$R20)),ISNUMBER(SEARCH("antipanique",$R20))))),"",CHAR(10)&"Poignée : "&IFERROR(VLOOKUP($C20,_Données!$A$177:$C$192,2,FALSE()),""))&IF(OR(IFERROR(VLOOKUP($C20,_Données!$A$177:$C$192,3,FALSE()),"")="",AND(OR($C20="Porte Lourde 1 vantail",$C20="Porte Lourde 2 vantaux"),OR(ISNUMBER(SEARCH("ventouse",$R20)),ISNUMBER(SEARCH("antipanique",$R20))))),"",CHAR(10)&"Fermeture : "&IFERROR(VLOOKUP($C20,_Données!$A$177:$C$192,3,FALSE()),""))&AL20&AM20&IF(AND($R20<>"",$R20<>"Aucune option"),CHAR(10)&"Option : "&$R20,"")&IF($L20="OUI",CHAR(10)&"Grille de ventilation","")&IF(AND($P20<>"",$P20<>"Aucun"),CHAR(10)&"Habillage extérieur : "&$P20,"")&IF(AND($Q20<>"",$Q20<>"Aucune"),CHAR(10)&"Bavette : "&$Q20,"")) | S20: =IFERROR(IF(ISNUMBER(IFERROR(IF(ISNUMBER(IF(IFERROR(OR(AND($G20<>"",IFERROR(VLOOKUP($C20,_Données!$A$196:$E$211,2,FALSE()),"")<>"",OR($G20<VLOOKUP($C20,_Données!$A$196:$E$211,2,FALSE()),$G20>VLOOKUP($C20,_Données!$A$196:$E$211,3,FALSE()))),AND($H20<>"",IFERROR(VLOOKUP($C20,_Données!$A$196:$E$211,4,FALSE()),"")<>"",OR($H20<VLOOKUP($C20,_Données!$A$196:$E$211,4,FALSE()),$H20>VLOOKUP($C20,_Données!$A$196:$E$211,5,FALSE())))),FALSE),"",IFERROR(IF(AND($R20<>"",$R20<>"Aucune option",NOT(OR($C20="Porte Lourde 1 vantail",$C20="Porte Lourde 2 vantaux"))),"⚠ Option valable uniquement pour Porte Lourde",IF(AE20>0,"⚠ Option T/M incompatible avec la gamme",IF(V20=0,IF(AC20>0,AC20,""),IF(V20=-1,"⚠ Dimension non disponible",(V20+W20+X20+Z20+AA20+AB20+AD20)*(1-Paramètres!$B$2)+AC20)))),""))),IF(IFERROR(OR(AND($G20<>"",IFERROR(VLOOKUP($C20,_Données!$A$196:$E$211,2,FALSE()),"")<>"",OR($G20<VLOOKUP($C20,_Données!$A$196:$E$211,2,FALSE()),$G20>VLOOKUP($C20,_Données!$A$196:$E$211,3,FALSE()))),AND($H20<>"",IFERROR(VLOOKUP($C20,_Données!$A$196:$E$211,4,FALSE()),"")<>"",OR($H20<VLOOKUP($C20,_Données!$A$196:$E$211,4,FALSE()),$H20>VLOOKUP($C20,_Données!$A$196:$E$211,5,FALSE())))),FALSE),"",IFERROR(IF(AND($R20<>"",$R20<>"Aucune option",NOT(OR($C20="Porte Lourde 1 vantail",$C20="Porte Lourde 2 vantaux"))),"⚠ Option valable uniquement pour Porte Lourde",IF(AE20>0,"⚠ Option T/M incompatible avec la gamme",IF(V20=0,IF(AC20>0,AC20,""),IF(V20=-1,"⚠ Dimension non disponible",(V20+W20+X20+Z20+AA20+AB20+AD20)*(1-Paramètres!$B$2)+AC20)))),""))+IF($L20="OUI",25,0),IF(IFERROR(OR(AND($G20<>"",IFERROR(VLOOKUP($C20,_Données!$A$196:$E$211,2,FALSE()),"")<>"",OR($G20<VLOOKUP($C20,_Données!$A$196:$E$211,2,FALSE()),$G20>VLOOKUP($C20,_Données!$A$196:$E$211,3,FALSE()))),AND($H20<>"",IFERROR(VLOOKUP($C20,_Données!$A$196:$E$211,4,FALSE()),"")<>"",OR($H20<VLOOKUP($C20,_Données!$A$196:$E$211,4,FALSE()),$H20>VLOOKUP($C20,_Données!$A$196:$E$211,5,FALSE())))),FALSE),"",IFERROR(IF(AND($R20<>"",$R20<>"Aucune option",NOT(OR($C20="Porte Lourde 1 vantail",$C20="Porte Lourde 2 vantaux"))),"⚠ Option valable uniquement pour Porte Lourde",IF(AE20>0,"⚠ Option T/M incompatible avec la gamme",IF(V20=0,IF(AC20>0,AC20,""),IF(V20=-1,"⚠ Dimension non disponible",(V20+W20+X20+Z20+AA20+AB20+AD20)*(1-Paramètres!$B$2)+AC20)))),""))),"")),IFERROR(IF(ISNUMBER(IF(IFERROR(OR(AND($G20<>"",IFERROR(VLOOKUP($C20,_Données!$A$196:$E$211,2,FALSE()),"")<>"",OR($G20<VLOOKUP($C20,_Données!$A$196:$E$211,2,FALSE()),$G20>VLOOKUP($C20,_Données!$A$196:$E$211,3,FALSE()))),AND($H20<>"",IFERROR(VLOOKUP($C20,_Données!$A$196:$E$211,4,FALSE()),"")<>"",OR($H20<VLOOKUP($C20,_Données!$A$196:$E$211,4,FALSE()),$H20>VLOOKUP($C20,_Données!$A$196:$E$211,5,FALSE())))),FALSE),"",IFERROR(IF(AND($R20<>"",$R20<>"Aucune option",NOT(OR($C20="Porte Lourde 1 vantail",$C20="Porte Lourde 2 vantaux"))),"⚠ Option valable uniquement pour Porte Lourde",IF(AE20>0,"⚠ Option T/M incompatible avec la gamme",IF(V20=0,IF(AC20>0,AC20,""),IF(V20=-1,"⚠ Dimension non disponible",(V20+W20+X20+Z20+AA20+AB20+AD20)*(1-Paramètres!$B$2)+AC20)))),""))),IF(IFERROR(OR(AND($G20<>"",IFERROR(VLOOKUP($C20,_Données!$A$196:$E$211,2,FALSE()),"")<>"",OR($G20<VLOOKUP($C20,_Données!$A$196:$E$211,2,FALSE()),$G20>VLOOKUP($C20,_Données!$A$196:$E$211,3,FALSE()))),AND($H20<>"",IFERROR(VLOOKUP($C20,_Données!$A$196:$E$211,4,FALSE()),"")<>"",OR($H20<VLOOKUP($C20,_Données!$A$196:$E$211,4,FALSE()),$H20>VLOOKUP($C20,_Données!$A$196:$E$211,5,FALSE())))),FALSE),"",IFERROR(IF(AND($R20<>"",$R20<>"Aucune option",NOT(OR($C20="Porte Lourde 1 vantail",$C20="Porte Lourde 2 vantaux"))),"⚠ Option valable uniquement pour Porte Lourde",IF(AE20>0,"⚠ Option T/M incompatible avec la gamme",IF(V20=0,IF(AC20>0,AC20,""),IF(V20=-1,"⚠ Dimension non disponible",(V20+W20+X20+Z20+AA20+AB20+AD20)*(1-Paramètres!$B$2)+AC20)))),""))+IF($L20="OUI",25,0),IF(IFERROR(OR(AND($G20<>"",IFERROR(VLOOKUP($C20,_Données!$A$196:$E$211,2,FALSE()),"")<>"",OR($G20<VLOOKUP($C20,_Données!$A$196:$E$211,2,FALSE()),$G20>VLOOKUP($C20,_Données!$A$196:$E$211,3,FALSE()))),AND($H20<>"",IFERROR(VLOOKUP($C20,_Données!$A$196:$E$211,4,FALSE()),"")<>"",OR($H20<VLOOKUP($C20,_Données!$A$196:$E$211,4,FALSE()),$H20>VLOOKUP($C20,_Données!$A$196:$E$211,5,FALSE())))),FALSE),"",IFERROR(IF(AND($R20<>"",$R20<>"Aucune option",NOT(OR($C20="Porte Lourde 1 vantail",$C20="Porte Lourde 2 vantaux"))),"⚠ Option valable uniquement pour Porte Lourde",IF(AE20>0,"⚠ Option T/M incompatible avec la gamme",IF(V20=0,IF(AC20>0,AC20,""),IF(V20=-1,"⚠ Dimension non disponible",(V20+W20+X20+Z20+AA20+AB20+AD20)*(1-Paramètres!$B$2)+AC20)))),""))),"")+IFERROR(VLOOKUP($P20,_Données!$A$218:$B$229,2,FALSE())*($G20+2*$H20)/1000,0)+IFERROR(VLOOKUP($Q20,_Données!$A$232:$B$236,2,FALSE())*$G20/1000,0),IFERROR(IF(ISNUMBER(IF(IFERROR(OR(AND($G20<>"",IFERROR(VLOOKUP($C20,_Données!$A$196:$E$211,2,FALSE()),"")<>"",OR($G20<VLOOKUP($C20,_Données!$A$196:$E$211,2,FALSE()),$G20>VLOOKUP($C20,_Données!$A$196:$E$211,3,FALSE()))),AND($H20<>"",IFERROR(VLOOKUP($C20,_Données!$A$196:$E$211,4,FALSE()),"")<>"",OR($H20<VLOOKUP($C20,_Données!$A$196:$E$211,4,FALSE()),$H20>VLOOKUP($C20,_Données!$A$196:$E$211,5,FALSE())))),FALSE),"",IFERROR(IF(AND($R20<>"",$R20<>"Aucune option",NOT(OR($C20="Porte Lourde 1 vantail",$C20="Porte Lourde 2 vantaux"))),"⚠ Option valable uniquement pour Porte Lourde",IF(AE20>0,"⚠ Option T/M incompatible avec la gamme",IF(V20=0,IF(AC20>0,AC20,""),IF(V20=-1,"⚠ Dimension non disponible",(V20+W20+X20+Z20+AA20+AB20+AD20)*(1-Paramètres!$B$2)+AC20)))),""))),IF(IFERROR(OR(AND($G20<>"",IFERROR(VLOOKUP($C20,_Données!$A$196:$E$211,2,FALSE()),"")<>"",OR($G20<VLOOKUP($C20,_Données!$A$196:$E$211,2,FALSE()),$G20>VLOOKUP($C20,_Données!$A$196:$E$211,3,FALSE()))),AND($H20<>"",IFERROR(VLOOKUP($C20,_Données!$A$196:$E$211,4,FALSE()),"")<>"",OR($H20<VLOOKUP($C20,_Données!$A$196:$E$211,4,FALSE()),$H20>VLOOKUP($C20,_Données!$A$196:$E$211,5,FALSE())))),FALSE),"",IFERROR(IF(AND($R20<>"",$R20<>"Aucune option",NOT(OR($C20="Porte Lourde 1 vantail",$C20="Porte Lourde 2 vantaux"))),"⚠ Option valable uniquement pour Porte Lourde",IF(AE20>0,"⚠ Option T/M incompatible avec la gamme",IF(V20=0,IF(AC20>0,AC20,""),IF(V20=-1,"⚠ Dimension non disponible",(V20+W20+X20+Z20+AA20+AB20+AD20)*(1-Paramètres!$B$2)+AC20)))),""))+IF($L20="OUI",25,0),IF(IFERROR(OR(AND($G20<>"",IFERROR(VLOOKUP($C20,_Données!$A$196:$E$211,2,FALSE()),"")<>"",OR($G20<VLOOKUP($C20,_Données!$A$196:$E$211,2,FALSE()),$G20>VLOOKUP($C20,_Données!$A$196:$E$211,3,FALSE()))),AND($H20<>"",IFERROR(VLOOKUP($C20,_Données!$A$196:$E$211,4,FALSE()),"")<>"",OR($H20<VLOOKUP($C20,_Données!$A$196:$E$211,4,FALSE()),$H20>VLOOKUP($C20,_Données!$A$196:$E$211,5,FALSE())))),FALSE),"",IFERROR(IF(AND($R20<>"",$R20<>"Aucune option",NOT(OR($C20="Porte Lourde 1 vantail",$C20="Porte Lourde 2 vantaux"))),"⚠ Option valable uniquement pour Porte Lourde",IF(AE20>0,"⚠ Option T/M incompatible avec la gamme",IF(V20=0,IF(AC20>0,AC20,""),IF(V20=-1,"⚠ Dimension non disponible",(V20+W20+X20+Z20+AA20+AB20+AD20)*(1-Paramètres!$B$2)+AC20)))),""))),"")),"") | T20: =IFERROR(IF(OR(S20="",ISTEXT(S20)),"",S20*$I20),"") | V20: =IFERROR(IF(OR($C20="",$G20="",$H20=""),0,IF(INDIRECT("'"&VLOOKUP($C20,_Données!$A$3:$V$18,2,FALSE())&"'!"&ADDRESS((VLOOKUP($C20,_Données!$A$3:$V$18,12,FALSE())+IFERROR(MATCH(MAX(VLOOKUP($C20,_Données!$A$3:$V$18,18,FALSE()),MIN(VLOOKUP($C20,_Données!$A$3:$V$18,6,FALSE()),(VLOOKUP($C20,_Données!$A$3:$V$18,18,FALSE())+ROUND(($H20-VLOOKUP($C20,_Données!$A$3:$V$18,18,FALSE()))/VLOOKUP($C20,_Données!$A$3:$V$18,19,FALSE()),0)*VLOOKUP($C20,_Données!$A$3:$V$18,19,FALSE())))),INDIRECT("'"&VLOOKUP($C20,_Données!$A$3:$V$18,2,FALSE())&"'!"&ADDRESS(VLOOKUP($C20,_Données!$A$3:$V$18,12,FALSE()),1,4)&":"&ADDRESS(VLOOKUP($C20,_Données!$A$3:$V$18,12,FALSE())+VLOOKUP($C20,_Données!$A$3:$V$18,15,FALSE())-1,1,4)),0),MATCH(MAX(VLOOKUP($C20,_Données!$A$3:$V$18,18,FALSE()),MIN(VLOOKUP($C20,_Données!$A$3:$V$18,6,FALSE()),(VLOOKUP($C20,_Données!$A$3:$V$18,18,FALSE())+ROUND(($H20-VLOOKUP($C20,_Données!$A$3:$V$18,18,FALSE()))/VLOOKUP($C20,_Données!$A$3:$V$18,19,FALSE()),0)*VLOOKUP($C20,_Données!$A$3:$V$18,19,FALSE())))),INDIRECT("'"&VLOOKUP($C20,_Données!$A$3:$V$18,2,FALSE())&"'!"&ADDRESS(VLOOKUP($C20,_Données!$A$3:$V$18,12,FALSE()),1,4)&":"&ADDRESS(VLOOKUP($C20,_Données!$A$3:$V$18,12,FALSE())+VLOOKUP($C20,_Données!$A$3:$V$18,15,FALSE())-1,1,4)),1))-1),(VLOOKUP($C20,_Données!$A$3:$V$18,13,FALSE())+IFERROR(MATCH(MAX(VLOOKUP($C20,_Données!$A$3:$V$18,16,FALSE()),MIN(VLOOKUP($C20,_Données!$A$3:$V$18,4,FALSE()),(VLOOKUP($C20,_Données!$A$3:$V$18,16,FALSE())+ROUND(($G20-VLOOKUP($C20,_Données!$A$3:$V$18,16,FALSE()))/VLOOKUP($C20,_Données!$A$3:$V$18,17,FALSE()),0)*VLOOKUP($C20,_Données!$A$3:$V$18,17,FALSE())))),INDIRECT("'"&VLOOKUP($C20,_Données!$A$3:$V$18,2,FALSE())&"'!"&ADDRESS(VLOOKUP($C20,_Données!$A$3:$V$18,12,FALSE())-1,VLOOKUP($C20,_Données!$A$3:$V$18,13,FALSE()),4)&":"&ADDRESS(VLOOKUP($C20,_Données!$A$3:$V$18,12,FALSE())-1,VLOOKUP($C20,_Données!$A$3:$V$18,13,FALSE())+VLOOKUP($C20,_Données!$A$3:$V$18,14,FALSE())-1,4)),0),MATCH(MAX(VLOOKUP($C20,_Données!$A$3:$V$18,16,FALSE()),MIN(VLOOKUP($C20,_Données!$A$3:$V$18,4,FALSE()),(VLOOKUP($C20,_Données!$A$3:$V$18,16,FALSE())+ROUND(($G20-VLOOKUP($C20,_Données!$A$3:$V$18,16,FALSE()))/VLOOKUP($C20,_Données!$A$3:$V$18,17,FALSE()),0)*VLOOKUP($C20,_Données!$A$3:$V$18,17,FALSE())))),INDIRECT("'"&VLOOKUP($C20,_Données!$A$3:$V$18,2,FALSE())&"'!"&ADDRESS(VLOOKUP($C20,_Données!$A$3:$V$18,12,FALSE())-1,VLOOKUP($C20,_Données!$A$3:$V$18,13,FALSE()),4)&":"&ADDRESS(VLOOKUP($C20,_Données!$A$3:$V$18,12,FALSE())-1,VLOOKUP($C20,_Données!$A$3:$V$18,13,FALSE())+VLOOKUP($C20,_Données!$A$3:$V$18,14,FALSE())-1,4)),1))-1),4))="",-1,INDIRECT("'"&VLOOKUP($C20,_Données!$A$3:$V$18,2,FALSE())&"'!"&ADDRESS((VLOOKUP($C20,_Données!$A$3:$V$18,12,FALSE())+IFERROR(MATCH(MAX(VLOOKUP($C20,_Données!$A$3:$V$18,18,FALSE()),MIN(VLOOKUP($C20,_Données!$A$3:$V$18,6,FALSE()),(VLOOKUP($C20,_Données!$A$3:$V$18,18,FALSE())+ROUND(($H20-VLOOKUP($C20,_Données!$A$3:$V$18,18,FALSE()))/VLOOKUP($C20,_Données!$A$3:$V$18,19,FALSE()),0)*VLOOKUP($C20,_Données!$A$3:$V$18,19,FALSE())))),INDIRECT("'"&VLOOKUP($C20,_Données!$A$3:$V$18,2,FALSE())&"'!"&ADDRESS(VLOOKUP($C20,_Données!$A$3:$V$18,12,FALSE()),1,4)&":"&ADDRESS(VLOOKUP($C20,_Données!$A$3:$V$18,12,FALSE())+VLOOKUP($C20,_Données!$A$3:$V$18,15,FALSE())-1,1,4)),0),MATCH(MAX(VLOOKUP($C20,_Données!$A$3:$V$18,18,FALSE()),MIN(VLOOKUP($C20,_Données!$A$3:$V$18,6,FALSE()),(VLOOKUP($C20,_Données!$A$3:$V$18,18,FALSE())+ROUND(($H20-VLOOKUP($C20,_Données!$A$3:$V$18,18,FALSE()))/VLOOKUP($C20,_Données!$A$3:$V$18,19,FALSE()),0)*VLOOKUP($C20,_Données!$A$3:$V$18,19,FALSE())))),INDIRECT("'"&VLOOKUP($C20,_Données!$A$3:$V$18,2,FALSE())&"'!"&ADDRESS(VLOOKUP($C20,_Données!$A$3:$V$18,12,FALSE()),1,4)&":"&ADDRESS(VLOOKUP($C20,_Données!$A$3:$V$18,12,FALSE())+VLOOKUP($C20,_Données!$A$3:$V$18,15,FALSE())-1,1,4)),1))-1),(VLOOKUP($C20,_Données!$A$3:$V$18,13,FALSE())+IFERROR(MATCH(MAX(VLOOKUP($C20,_Données!$A$3:$V$18,16,FALSE()),MIN(VLOOKUP($C20,_Données!$A$3:$V$18,4,FALSE()),(VLOOKUP($C20,_Données!$A$3:$V$18,16,FALSE())+ROUND(($G20-VLOOKUP($C20,_Données!$A$3:$V$18,16,FALSE()))/VLOOKUP($C20,_Données!$A$3:$V$18,17,FALSE()),0)*VLOOKUP($C20,_Données!$A$3:$V$18,17,FALSE())))),INDIRECT("'"&VLOOKUP($C20,_Données!$A$3:$V$18,2,FALSE())&"'!"&ADDRESS(VLOOKUP($C20,_Données!$A$3:$V$18,12,FALSE())-1,VLOOKUP($C20,_Données!$A$3:$V$18,13,FALSE()),4)&":"&ADDRESS(VLOOKUP($C20,_Données!$A$3:$V$18,12,FALSE())-1,VLOOKUP($C20,_Données!$A$3:$V$18,13,FALSE())+VLOOKUP($C20,_Données!$A$3:$V$18,14,FALSE())-1,4)),0),MATCH(MAX(VLOOKUP($C20,_Données!$A$3:$V$18,16,FALSE()),MIN(VLOOKUP($C20,_Données!$A$3:$V$18,4,FALSE()),(VLOOKUP($C20,_Données!$A$3:$V$18,16,FALSE())+ROUND(($G20-VLOOKUP($C20,_Données!$A$3:$V$18,16,FALSE()))/VLOOKUP($C20,_Données!$A$3:$V$18,17,FALSE()),0)*VLOOKUP($C20,_Données!$A$3:$V$18,17,FALSE())))),INDIRECT("'"&VLOOKUP($C20,_Données!$A$3:$V$18,2,FALSE())&"'!"&ADDRESS(VLOOKUP($C20,_Données!$A$3:$V$18,12,FALSE())-1,VLOOKUP($C20,_Données!$A$3:$V$18,13,FALSE()),4)&":"&ADDRESS(VLOOKUP($C20,_Données!$A$3:$V$18,12,FALSE())-1,VLOOKUP($C20,_Données!$A$3:$V$18,13,FALSE())+VLOOKUP($C20,_Données!$A$3:$V$18,14,FALSE())-1,4)),1))-1),4)))),0) -> 0 | W20: =IFERROR(IF(V20=0,0,IF(MAX(VLOOKUP($C20,_Données!$A$3:$V$18,18,FALSE()),MIN(VLOOKUP($C20,_Données!$A$3:$V$18,6,FALSE()),(VLOOKUP($C20,_Données!$A$3:$V$18,18,FALSE())+ROUND(($H20-VLOOKUP($C20,_Données!$A$3:$V$18,18,FALSE()))/VLOOKUP($C20,_Données!$A$3:$V$18,19,FALSE()),0)*VLOOKUP($C20,_Données!$A$3:$V$18,19,FALSE()))))>=VLOOKUP($C20,_Données!$A$3:$V$18,10,FALSE()),V20*VLOOKUP($C20,_Données!$A$3:$V$18,11,FALSE()),0)),0) -> 0 | X20: =IFERROR(IF(OR($D20="",V20=0),0,V20*VLOOKUP($D20,_Données!$A$21:$C$28,2,FALSE())),0) -> 0 | Y20: =IFERROR(IF($D20="",0,VLOOKUP($D20,_Données!$A$21:$C$28,3,FALSE())),0) -> 0 | Z20: =IFERROR(IF($E20="",0,VLOOKUP($E20,_Données!$A$48:$C$104,2,FALSE())),0) -> 0 | AA20: =IFERROR(IF(OR($F20="",$G20="",$H20=""),0,VLOOKUP($F20,_Données!$A$33:$C$43,2,FALSE())*2*($G20+$H20)/1000),0) -> 0 | AB20: =IFERROR(IF(OR($F20="",V20=0),0,V20*VLOOKUP($F20,_Données!$A$33:$C$43,3,FALSE())),0) -> 0 | AC20: =IFERROR(IF(OR($R20="",$R20="Aucune option",NOT(OR($C20="Porte Lourde 1 vantail",$C20="Porte Lourde 2 vantaux"))),0,VLOOKUP($R20,_Données!$A$109:$C$125,2,FALSE())*0.75*IF(VLOOKUP($R20,_Données!$A$109:$C$125,3,FALSE())=1,IF($C20="Porte Lourde 1 vantail",1,IF($C20="Porte Lourde 2 vantaux",2,1)),1)*(1-Paramètres!$B$2)),0) -> 0 | AD20: =IFERROR(IF(OR($M20="",$M20="Aucune"),0,VLOOKUP($C20&"|"&$M20,_Données!$A$132:$B$146,2,FALSE())*IF(LEFT($M20,8)="Traverse",$G20,$H20)/1000),0)+IFERROR(IF(OR($N20="",$N20="Aucune"),0,VLOOKUP($C20&"|"&$N20,_Données!$A$132:$B$146,2,FALSE())*IF(LEFT($N20,8)="Traverse",$G20,$H20)/1000),0)+IFERROR(IF(OR($O20="",$O20="Aucune"),0,VLOOKUP($C20&"|"&$O20,_Données!$A$132:$B$146,2,FALSE())*IF(LEFT($O20,8)="Traverse",$G20,$H20)/1000),0) -> 0 | AE20: =IF(AND($M20<>"",$M20<>"Aucune"),IF(ISNA(VLOOKUP($C20&"|"&$M20,_Données!$A$132:$B$146,2,FALSE())),1,0),0)+IF(AND($N20<>"",$N20<>"Aucune"),IF(ISNA(VLOOKUP($C20&"|"&$N20,_Données!$A$132:$B$146,2,FALSE())),1,0),0)+IF(AND($O20<>"",$O20<>"Aucune"),IF(ISNA(VLOOKUP($C20&"|"&$O20,_Données!$A$132:$B$146,2,FALSE())),1,0),0) -> 0 | AF20: =IF(LEFT($M20,8)="Traverse",$M20,"") | AG20: =IF(LEFT($N20,8)="Traverse",$N20,"") | AH20: =IF(LEFT($O20,8)="Traverse",$O20,"") | AI20: =IF(LEFT($M20,6)="Meneau",$M20,"") | AJ20: =IF(LEFT($N20,6)="Meneau",$N20,"") | AK20: =IF(LEFT($O20,6)="Meneau",$O20,"") | AL20: =IF(AND(AF20="",AG20="",AH20=""),"",CHAR(10)&"Traverses : "&AF20&IF(AND(AF20<>"",AG20<>""),", ","")&AG20&IF(AND(OR(AF20<>"",AG20<>""),AH20<>""),", ","")&AH20) | AM20: =IF(AND(AI20="",AJ20="",AK20=""),"",CHAR(10)&"Meneaux : "&AI20&IF(AND(AI20<>"",AJ20<>""),", ","")&AJ20&IF(AND(OR(AI20<>"",AJ20<>""),AK20<>""),", ","")&AK20)
A21: 8 | J21: =IF($C21="","",$C21&" aluminium"&IF(OR($G21="",$H21=""),"",", "&$G21&" × "&$H21&" mm")&IF(OR(AND($G21<>"",IFERROR(VLOOKUP($C21,_Données!$A$196:$E$211,2,FALSE()),"")<>"",OR($G21<IFERROR(VLOOKUP($C21,_Données!$A$196:$E$211,2,FALSE()),""),$G21>IFERROR(VLOOKUP($C21,_Données!$A$196:$E$211,3,FALSE()),""))),AND($H21<>"",IFERROR(VLOOKUP($C21,_Données!$A$196:$E$211,4,FALSE()),"")<>"",OR($H21<IFERROR(VLOOKUP($C21,_Données!$A$196:$E$211,4,FALSE()),""),$H21>IFERROR(VLOOKUP($C21,_Données!$A$196:$E$211,5,FALSE()),"")))),CHAR(10)&"⚠ Hors abaque (L "&IFERROR(VLOOKUP($C21,_Données!$A$196:$E$211,2,FALSE()),"")&"–"&IFERROR(VLOOKUP($C21,_Données!$A$196:$E$211,3,FALSE()),"")&" / H "&IFERROR(VLOOKUP($C21,_Données!$A$196:$E$211,4,FALSE()),"")&"–"&IFERROR(VLOOKUP($C21,_Données!$A$196:$E$211,5,FALSE()),"")&" mm)","")&IF(IFERROR(VLOOKUP($C21,_Données!$A$158:$B$173,2,FALSE()),"")="","",CHAR(10)&"Système : "&VLOOKUP($C21,_Données!$A$158:$B$173,2,FALSE()))&IF($D21="","",CHAR(10)&"Traitement surface : "&$D21)&IF($E21="","",CHAR(10)&"Vitrage : "&$E21)&IF($F21="","",CHAR(10)&"Cadre : "&$F21)&IF(OR(IFERROR(VLOOKUP($C21,_Données!$A$177:$C$192,2,FALSE()),"")="",AND(OR($C21="Porte Lourde 1 vantail",$C21="Porte Lourde 2 vantaux"),OR(ISNUMBER(SEARCH("ventouse",$R21)),ISNUMBER(SEARCH("antipanique",$R21))))),"",CHAR(10)&"Poignée : "&IFERROR(VLOOKUP($C21,_Données!$A$177:$C$192,2,FALSE()),""))&IF(OR(IFERROR(VLOOKUP($C21,_Données!$A$177:$C$192,3,FALSE()),"")="",AND(OR($C21="Porte Lourde 1 vantail",$C21="Porte Lourde 2 vantaux"),OR(ISNUMBER(SEARCH("ventouse",$R21)),ISNUMBER(SEARCH("antipanique",$R21))))),"",CHAR(10)&"Fermeture : "&IFERROR(VLOOKUP($C21,_Données!$A$177:$C$192,3,FALSE()),""))&AL21&AM21&IF(AND($R21<>"",$R21<>"Aucune option"),CHAR(10)&"Option : "&$R21,"")&IF($L21="OUI",CHAR(10)&"Grille de ventilation","")&IF(AND($P21<>"",$P21<>"Aucun"),CHAR(10)&"Habillage extérieur : "&$P21,"")&IF(AND($Q21<>"",$Q21<>"Aucune"),CHAR(10)&"Bavette : "&$Q21,"")) | S21: =IFERROR(IF(ISNUMBER(IFERROR(IF(ISNUMBER(IF(IFERROR(OR(AND($G21<>"",IFERROR(VLOOKUP($C21,_Données!$A$196:$E$211,2,FALSE()),"")<>"",OR($G21<VLOOKUP($C21,_Données!$A$196:$E$211,2,FALSE()),$G21>VLOOKUP($C21,_Données!$A$196:$E$211,3,FALSE()))),AND($H21<>"",IFERROR(VLOOKUP($C21,_Données!$A$196:$E$211,4,FALSE()),"")<>"",OR($H21<VLOOKUP($C21,_Données!$A$196:$E$211,4,FALSE()),$H21>VLOOKUP($C21,_Données!$A$196:$E$211,5,FALSE())))),FALSE),"",IFERROR(IF(AND($R21<>"",$R21<>"Aucune option",NOT(OR($C21="Porte Lourde 1 vantail",$C21="Porte Lourde 2 vantaux"))),"⚠ Option valable uniquement pour Porte Lourde",IF(AE21>0,"⚠ Option T/M incompatible avec la gamme",IF(V21=0,IF(AC21>0,AC21,""),IF(V21=-1,"⚠ Dimension non disponible",(V21+W21+X21+Z21+AA21+AB21+AD21)*(1-Paramètres!$B$2)+AC21)))),""))),IF(IFERROR(OR(AND($G21<>"",IFERROR(VLOOKUP($C21,_Données!$A$196:$E$211,2,FALSE()),"")<>"",OR($G21<VLOOKUP($C21,_Données!$A$196:$E$211,2,FALSE()),$G21>VLOOKUP($C21,_Données!$A$196:$E$211,3,FALSE()))),AND($H21<>"",IFERROR(VLOOKUP($C21,_Données!$A$196:$E$211,4,FALSE()),"")<>"",OR($H21<VLOOKUP($C21,_Données!$A$196:$E$211,4,FALSE()),$H21>VLOOKUP($C21,_Données!$A$196:$E$211,5,FALSE())))),FALSE),"",IFERROR(IF(AND($R21<>"",$R21<>"Aucune option",NOT(OR($C21="Porte Lourde 1 vantail",$C21="Porte Lourde 2 vantaux"))),"⚠ Option valable uniquement pour Porte Lourde",IF(AE21>0,"⚠ Option T/M incompatible avec la gamme",IF(V21=0,IF(AC21>0,AC21,""),IF(V21=-1,"⚠ Dimension non disponible",(V21+W21+X21+Z21+AA21+AB21+AD21)*(1-Paramètres!$B$2)+AC21)))),""))+IF($L21="OUI",25,0),IF(IFERROR(OR(AND($G21<>"",IFERROR(VLOOKUP($C21,_Données!$A$196:$E$211,2,FALSE()),"")<>"",OR($G21<VLOOKUP($C21,_Données!$A$196:$E$211,2,FALSE()),$G21>VLOOKUP($C21,_Données!$A$196:$E$211,3,FALSE()))),AND($H21<>"",IFERROR(VLOOKUP($C21,_Données!$A$196:$E$211,4,FALSE()),"")<>"",OR($H21<VLOOKUP($C21,_Données!$A$196:$E$211,4,FALSE()),$H21>VLOOKUP($C21,_Données!$A$196:$E$211,5,FALSE())))),FALSE),"",IFERROR(IF(AND($R21<>"",$R21<>"Aucune option",NOT(OR($C21="Porte Lourde 1 vantail",$C21="Porte Lourde 2 vantaux"))),"⚠ Option valable uniquement pour Porte Lourde",IF(AE21>0,"⚠ Option T/M incompatible avec la gamme",IF(V21=0,IF(AC21>0,AC21,""),IF(V21=-1,"⚠ Dimension non disponible",(V21+W21+X21+Z21+AA21+AB21+AD21)*(1-Paramètres!$B$2)+AC21)))),""))),"")),IFERROR(IF(ISNUMBER(IF(IFERROR(OR(AND($G21<>"",IFERROR(VLOOKUP($C21,_Données!$A$196:$E$211,2,FALSE()),"")<>"",OR($G21<VLOOKUP($C21,_Données!$A$196:$E$211,2,FALSE()),$G21>VLOOKUP($C21,_Données!$A$196:$E$211,3,FALSE()))),AND($H21<>"",IFERROR(VLOOKUP($C21,_Données!$A$196:$E$211,4,FALSE()),"")<>"",OR($H21<VLOOKUP($C21,_Données!$A$196:$E$211,4,FALSE()),$H21>VLOOKUP($C21,_Données!$A$196:$E$211,5,FALSE())))),FALSE),"",IFERROR(IF(AND($R21<>"",$R21<>"Aucune option",NOT(OR($C21="Porte Lourde 1 vantail",$C21="Porte Lourde 2 vantaux"))),"⚠ Option valable uniquement pour Porte Lourde",IF(AE21>0,"⚠ Option T/M incompatible avec la gamme",IF(V21=0,IF(AC21>0,AC21,""),IF(V21=-1,"⚠ Dimension non disponible",(V21+W21+X21+Z21+AA21+AB21+AD21)*(1-Paramètres!$B$2)+AC21)))),""))),IF(IFERROR(OR(AND($G21<>"",IFERROR(VLOOKUP($C21,_Données!$A$196:$E$211,2,FALSE()),"")<>"",OR($G21<VLOOKUP($C21,_Données!$A$196:$E$211,2,FALSE()),$G21>VLOOKUP($C21,_Données!$A$196:$E$211,3,FALSE()))),AND($H21<>"",IFERROR(VLOOKUP($C21,_Données!$A$196:$E$211,4,FALSE()),"")<>"",OR($H21<VLOOKUP($C21,_Données!$A$196:$E$211,4,FALSE()),$H21>VLOOKUP($C21,_Données!$A$196:$E$211,5,FALSE())))),FALSE),"",IFERROR(IF(AND($R21<>"",$R21<>"Aucune option",NOT(OR($C21="Porte Lourde 1 vantail",$C21="Porte Lourde 2 vantaux"))),"⚠ Option valable uniquement pour Porte Lourde",IF(AE21>0,"⚠ Option T/M incompatible avec la gamme",IF(V21=0,IF(AC21>0,AC21,""),IF(V21=-1,"⚠ Dimension non disponible",(V21+W21+X21+Z21+AA21+AB21+AD21)*(1-Paramètres!$B$2)+AC21)))),""))+IF($L21="OUI",25,0),IF(IFERROR(OR(AND($G21<>"",IFERROR(VLOOKUP($C21,_Données!$A$196:$E$211,2,FALSE()),"")<>"",OR($G21<VLOOKUP($C21,_Données!$A$196:$E$211,2,FALSE()),$G21>VLOOKUP($C21,_Données!$A$196:$E$211,3,FALSE()))),AND($H21<>"",IFERROR(VLOOKUP($C21,_Données!$A$196:$E$211,4,FALSE()),"")<>"",OR($H21<VLOOKUP($C21,_Données!$A$196:$E$211,4,FALSE()),$H21>VLOOKUP($C21,_Données!$A$196:$E$211,5,FALSE())))),FALSE),"",IFERROR(IF(AND($R21<>"",$R21<>"Aucune option",NOT(OR($C21="Porte Lourde 1 vantail",$C21="Porte Lourde 2 vantaux"))),"⚠ Option valable uniquement pour Porte Lourde",IF(AE21>0,"⚠ Option T/M incompatible avec la gamme",IF(V21=0,IF(AC21>0,AC21,""),IF(V21=-1,"⚠ Dimension non disponible",(V21+W21+X21+Z21+AA21+AB21+AD21)*(1-Paramètres!$B$2)+AC21)))),""))),"")+IFERROR(VLOOKUP($P21,_Données!$A$218:$B$229,2,FALSE())*($G21+2*$H21)/1000,0)+IFERROR(VLOOKUP($Q21,_Données!$A$232:$B$236,2,FALSE())*$G21/1000,0),IFERROR(IF(ISNUMBER(IF(IFERROR(OR(AND($G21<>"",IFERROR(VLOOKUP($C21,_Données!$A$196:$E$211,2,FALSE()),"")<>"",OR($G21<VLOOKUP($C21,_Données!$A$196:$E$211,2,FALSE()),$G21>VLOOKUP($C21,_Données!$A$196:$E$211,3,FALSE()))),AND($H21<>"",IFERROR(VLOOKUP($C21,_Données!$A$196:$E$211,4,FALSE()),"")<>"",OR($H21<VLOOKUP($C21,_Données!$A$196:$E$211,4,FALSE()),$H21>VLOOKUP($C21,_Données!$A$196:$E$211,5,FALSE())))),FALSE),"",IFERROR(IF(AND($R21<>"",$R21<>"Aucune option",NOT(OR($C21="Porte Lourde 1 vantail",$C21="Porte Lourde 2 vantaux"))),"⚠ Option valable uniquement pour Porte Lourde",IF(AE21>0,"⚠ Option T/M incompatible avec la gamme",IF(V21=0,IF(AC21>0,AC21,""),IF(V21=-1,"⚠ Dimension non disponible",(V21+W21+X21+Z21+AA21+AB21+AD21)*(1-Paramètres!$B$2)+AC21)))),""))),IF(IFERROR(OR(AND($G21<>"",IFERROR(VLOOKUP($C21,_Données!$A$196:$E$211,2,FALSE()),"")<>"",OR($G21<VLOOKUP($C21,_Données!$A$196:$E$211,2,FALSE()),$G21>VLOOKUP($C21,_Données!$A$196:$E$211,3,FALSE()))),AND($H21<>"",IFERROR(VLOOKUP($C21,_Données!$A$196:$E$211,4,FALSE()),"")<>"",OR($H21<VLOOKUP($C21,_Données!$A$196:$E$211,4,FALSE()),$H21>VLOOKUP($C21,_Données!$A$196:$E$211,5,FALSE())))),FALSE),"",IFERROR(IF(AND($R21<>"",$R21<>"Aucune option",NOT(OR($C21="Porte Lourde 1 vantail",$C21="Porte Lourde 2 vantaux"))),"⚠ Option valable uniquement pour Porte Lourde",IF(AE21>0,"⚠ Option T/M incompatible avec la gamme",IF(V21=0,IF(AC21>0,AC21,""),IF(V21=-1,"⚠ Dimension non disponible",(V21+W21+X21+Z21+AA21+AB21+AD21)*(1-Paramètres!$B$2)+AC21)))),""))+IF($L21="OUI",25,0),IF(IFERROR(OR(AND($G21<>"",IFERROR(VLOOKUP($C21,_Données!$A$196:$E$211,2,FALSE()),"")<>"",OR($G21<VLOOKUP($C21,_Données!$A$196:$E$211,2,FALSE()),$G21>VLOOKUP($C21,_Données!$A$196:$E$211,3,FALSE()))),AND($H21<>"",IFERROR(VLOOKUP($C21,_Données!$A$196:$E$211,4,FALSE()),"")<>"",OR($H21<VLOOKUP($C21,_Données!$A$196:$E$211,4,FALSE()),$H21>VLOOKUP($C21,_Données!$A$196:$E$211,5,FALSE())))),FALSE),"",IFERROR(IF(AND($R21<>"",$R21<>"Aucune option",NOT(OR($C21="Porte Lourde 1 vantail",$C21="Porte Lourde 2 vantaux"))),"⚠ Option valable uniquement pour Porte Lourde",IF(AE21>0,"⚠ Option T/M incompatible avec la gamme",IF(V21=0,IF(AC21>0,AC21,""),IF(V21=-1,"⚠ Dimension non disponible",(V21+W21+X21+Z21+AA21+AB21+AD21)*(1-Paramètres!$B$2)+AC21)))),""))),"")),"") | T21: =IFERROR(IF(OR(S21="",ISTEXT(S21)),"",S21*$I21),"") | V21: =IFERROR(IF(OR($C21="",$G21="",$H21=""),0,IF(INDIRECT("'"&VLOOKUP($C21,_Données!$A$3:$V$18,2,FALSE())&"'!"&ADDRESS((VLOOKUP($C21,_Données!$A$3:$V$18,12,FALSE())+IFERROR(MATCH(MAX(VLOOKUP($C21,_Données!$A$3:$V$18,18,FALSE()),MIN(VLOOKUP($C21,_Données!$A$3:$V$18,6,FALSE()),(VLOOKUP($C21,_Données!$A$3:$V$18,18,FALSE())+ROUND(($H21-VLOOKUP($C21,_Données!$A$3:$V$18,18,FALSE()))/VLOOKUP($C21,_Données!$A$3:$V$18,19,FALSE()),0)*VLOOKUP($C21,_Données!$A$3:$V$18,19,FALSE())))),INDIRECT("'"&VLOOKUP($C21,_Données!$A$3:$V$18,2,FALSE())&"'!"&ADDRESS(VLOOKUP($C21,_Données!$A$3:$V$18,12,FALSE()),1,4)&":"&ADDRESS(VLOOKUP($C21,_Données!$A$3:$V$18,12,FALSE())+VLOOKUP($C21,_Données!$A$3:$V$18,15,FALSE())-1,1,4)),0),MATCH(MAX(VLOOKUP($C21,_Données!$A$3:$V$18,18,FALSE()),MIN(VLOOKUP($C21,_Données!$A$3:$V$18,6,FALSE()),(VLOOKUP($C21,_Données!$A$3:$V$18,18,FALSE())+ROUND(($H21-VLOOKUP($C21,_Données!$A$3:$V$18,18,FALSE()))/VLOOKUP($C21,_Données!$A$3:$V$18,19,FALSE()),0)*VLOOKUP($C21,_Données!$A$3:$V$18,19,FALSE())))),INDIRECT("'"&VLOOKUP($C21,_Données!$A$3:$V$18,2,FALSE())&"'!"&ADDRESS(VLOOKUP($C21,_Données!$A$3:$V$18,12,FALSE()),1,4)&":"&ADDRESS(VLOOKUP($C21,_Données!$A$3:$V$18,12,FALSE())+VLOOKUP($C21,_Données!$A$3:$V$18,15,FALSE())-1,1,4)),1))-1),(VLOOKUP($C21,_Données!$A$3:$V$18,13,FALSE())+IFERROR(MATCH(MAX(VLOOKUP($C21,_Données!$A$3:$V$18,16,FALSE()),MIN(VLOOKUP($C21,_Données!$A$3:$V$18,4,FALSE()),(VLOOKUP($C21,_Données!$A$3:$V$18,16,FALSE())+ROUND(($G21-VLOOKUP($C21,_Données!$A$3:$V$18,16,FALSE()))/VLOOKUP($C21,_Données!$A$3:$V$18,17,FALSE()),0)*VLOOKUP($C21,_Données!$A$3:$V$18,17,FALSE())))),INDIRECT("'"&VLOOKUP($C21,_Données!$A$3:$V$18,2,FALSE())&"'!"&ADDRESS(VLOOKUP($C21,_Données!$A$3:$V$18,12,FALSE())-1,VLOOKUP($C21,_Données!$A$3:$V$18,13,FALSE()),4)&":"&ADDRESS(VLOOKUP($C21,_Données!$A$3:$V$18,12,FALSE())-1,VLOOKUP($C21,_Données!$A$3:$V$18,13,FALSE())+VLOOKUP($C21,_Données!$A$3:$V$18,14,FALSE())-1,4)),0),MATCH(MAX(VLOOKUP($C21,_Données!$A$3:$V$18,16,FALSE()),MIN(VLOOKUP($C21,_Données!$A$3:$V$18,4,FALSE()),(VLOOKUP($C21,_Données!$A$3:$V$18,16,FALSE())+ROUND(($G21-VLOOKUP($C21,_Données!$A$3:$V$18,16,FALSE()))/VLOOKUP($C21,_Données!$A$3:$V$18,17,FALSE()),0)*VLOOKUP($C21,_Données!$A$3:$V$18,17,FALSE())))),INDIRECT("'"&VLOOKUP($C21,_Données!$A$3:$V$18,2,FALSE())&"'!"&ADDRESS(VLOOKUP($C21,_Données!$A$3:$V$18,12,FALSE())-1,VLOOKUP($C21,_Données!$A$3:$V$18,13,FALSE()),4)&":"&ADDRESS(VLOOKUP($C21,_Données!$A$3:$V$18,12,FALSE())-1,VLOOKUP($C21,_Données!$A$3:$V$18,13,FALSE())+VLOOKUP($C21,_Données!$A$3:$V$18,14,FALSE())-1,4)),1))-1),4))="",-1,INDIRECT("'"&VLOOKUP($C21,_Données!$A$3:$V$18,2,FALSE())&"'!"&ADDRESS((VLOOKUP($C21,_Données!$A$3:$V$18,12,FALSE())+IFERROR(MATCH(MAX(VLOOKUP($C21,_Données!$A$3:$V$18,18,FALSE()),MIN(VLOOKUP($C21,_Données!$A$3:$V$18,6,FALSE()),(VLOOKUP($C21,_Données!$A$3:$V$18,18,FALSE())+ROUND(($H21-VLOOKUP($C21,_Données!$A$3:$V$18,18,FALSE()))/VLOOKUP($C21,_Données!$A$3:$V$18,19,FALSE()),0)*VLOOKUP($C21,_Données!$A$3:$V$18,19,FALSE())))),INDIRECT("'"&VLOOKUP($C21,_Données!$A$3:$V$18,2,FALSE())&"'!"&ADDRESS(VLOOKUP($C21,_Données!$A$3:$V$18,12,FALSE()),1,4)&":"&ADDRESS(VLOOKUP($C21,_Données!$A$3:$V$18,12,FALSE())+VLOOKUP($C21,_Données!$A$3:$V$18,15,FALSE())-1,1,4)),0),MATCH(MAX(VLOOKUP($C21,_Données!$A$3:$V$18,18,FALSE()),MIN(VLOOKUP($C21,_Données!$A$3:$V$18,6,FALSE()),(VLOOKUP($C21,_Données!$A$3:$V$18,18,FALSE())+ROUND(($H21-VLOOKUP($C21,_Données!$A$3:$V$18,18,FALSE()))/VLOOKUP($C21,_Données!$A$3:$V$18,19,FALSE()),0)*VLOOKUP($C21,_Données!$A$3:$V$18,19,FALSE())))),INDIRECT("'"&VLOOKUP($C21,_Données!$A$3:$V$18,2,FALSE())&"'!"&ADDRESS(VLOOKUP($C21,_Données!$A$3:$V$18,12,FALSE()),1,4)&":"&ADDRESS(VLOOKUP($C21,_Données!$A$3:$V$18,12,FALSE())+VLOOKUP($C21,_Données!$A$3:$V$18,15,FALSE())-1,1,4)),1))-1),(VLOOKUP($C21,_Données!$A$3:$V$18,13,FALSE())+IFERROR(MATCH(MAX(VLOOKUP($C21,_Données!$A$3:$V$18,16,FALSE()),MIN(VLOOKUP($C21,_Données!$A$3:$V$18,4,FALSE()),(VLOOKUP($C21,_Données!$A$3:$V$18,16,FALSE())+ROUND(($G21-VLOOKUP($C21,_Données!$A$3:$V$18,16,FALSE()))/VLOOKUP($C21,_Données!$A$3:$V$18,17,FALSE()),0)*VLOOKUP($C21,_Données!$A$3:$V$18,17,FALSE())))),INDIRECT("'"&VLOOKUP($C21,_Données!$A$3:$V$18,2,FALSE())&"'!"&ADDRESS(VLOOKUP($C21,_Données!$A$3:$V$18,12,FALSE())-1,VLOOKUP($C21,_Données!$A$3:$V$18,13,FALSE()),4)&":"&ADDRESS(VLOOKUP($C21,_Données!$A$3:$V$18,12,FALSE())-1,VLOOKUP($C21,_Données!$A$3:$V$18,13,FALSE())+VLOOKUP($C21,_Données!$A$3:$V$18,14,FALSE())-1,4)),0),MATCH(MAX(VLOOKUP($C21,_Données!$A$3:$V$18,16,FALSE()),MIN(VLOOKUP($C21,_Données!$A$3:$V$18,4,FALSE()),(VLOOKUP($C21,_Données!$A$3:$V$18,16,FALSE())+ROUND(($G21-VLOOKUP($C21,_Données!$A$3:$V$18,16,FALSE()))/VLOOKUP($C21,_Données!$A$3:$V$18,17,FALSE()),0)*VLOOKUP($C21,_Données!$A$3:$V$18,17,FALSE())))),INDIRECT("'"&VLOOKUP($C21,_Données!$A$3:$V$18,2,FALSE())&"'!"&ADDRESS(VLOOKUP($C21,_Données!$A$3:$V$18,12,FALSE())-1,VLOOKUP($C21,_Données!$A$3:$V$18,13,FALSE()),4)&":"&ADDRESS(VLOOKUP($C21,_Données!$A$3:$V$18,12,FALSE())-1,VLOOKUP($C21,_Données!$A$3:$V$18,13,FALSE())+VLOOKUP($C21,_Données!$A$3:$V$18,14,FALSE())-1,4)),1))-1),4)))),0) -> 0 | W21: =IFERROR(IF(V21=0,0,IF(MAX(VLOOKUP($C21,_Données!$A$3:$V$18,18,FALSE()),MIN(VLOOKUP($C21,_Données!$A$3:$V$18,6,FALSE()),(VLOOKUP($C21,_Données!$A$3:$V$18,18,FALSE())+ROUND(($H21-VLOOKUP($C21,_Données!$A$3:$V$18,18,FALSE()))/VLOOKUP($C21,_Données!$A$3:$V$18,19,FALSE()),0)*VLOOKUP($C21,_Données!$A$3:$V$18,19,FALSE()))))>=VLOOKUP($C21,_Données!$A$3:$V$18,10,FALSE()),V21*VLOOKUP($C21,_Données!$A$3:$V$18,11,FALSE()),0)),0) -> 0 | X21: =IFERROR(IF(OR($D21="",V21=0),0,V21*VLOOKUP($D21,_Données!$A$21:$C$28,2,FALSE())),0) -> 0 | Y21: =IFERROR(IF($D21="",0,VLOOKUP($D21,_Données!$A$21:$C$28,3,FALSE())),0) -> 0 | Z21: =IFERROR(IF($E21="",0,VLOOKUP($E21,_Données!$A$48:$C$104,2,FALSE())),0) -> 0 | AA21: =IFERROR(IF(OR($F21="",$G21="",$H21=""),0,VLOOKUP($F21,_Données!$A$33:$C$43,2,FALSE())*2*($G21+$H21)/1000),0) -> 0 | AB21: =IFERROR(IF(OR($F21="",V21=0),0,V21*VLOOKUP($F21,_Données!$A$33:$C$43,3,FALSE())),0) -> 0 | AC21: =IFERROR(IF(OR($R21="",$R21="Aucune option",NOT(OR($C21="Porte Lourde 1 vantail",$C21="Porte Lourde 2 vantaux"))),0,VLOOKUP($R21,_Données!$A$109:$C$125,2,FALSE())*0.75*IF(VLOOKUP($R21,_Données!$A$109:$C$125,3,FALSE())=1,IF($C21="Porte Lourde 1 vantail",1,IF($C21="Porte Lourde 2 vantaux",2,1)),1)*(1-Paramètres!$B$2)),0) -> 0 | AD21: =IFERROR(IF(OR($M21="",$M21="Aucune"),0,VLOOKUP($C21&"|"&$M21,_Données!$A$132:$B$146,2,FALSE())*IF(LEFT($M21,8)="Traverse",$G21,$H21)/1000),0)+IFERROR(IF(OR($N21="",$N21="Aucune"),0,VLOOKUP($C21&"|"&$N21,_Données!$A$132:$B$146,2,FALSE())*IF(LEFT($N21,8)="Traverse",$G21,$H21)/1000),0)+IFERROR(IF(OR($O21="",$O21="Aucune"),0,VLOOKUP($C21&"|"&$O21,_Données!$A$132:$B$146,2,FALSE())*IF(LEFT($O21,8)="Traverse",$G21,$H21)/1000),0) -> 0 | AE21: =IF(AND($M21<>"",$M21<>"Aucune"),IF(ISNA(VLOOKUP($C21&"|"&$M21,_Données!$A$132:$B$146,2,FALSE())),1,0),0)+IF(AND($N21<>"",$N21<>"Aucune"),IF(ISNA(VLOOKUP($C21&"|"&$N21,_Données!$A$132:$B$146,2,FALSE())),1,0),0)+IF(AND($O21<>"",$O21<>"Aucune"),IF(ISNA(VLOOKUP($C21&"|"&$O21,_Données!$A$132:$B$146,2,FALSE())),1,0),0) -> 0 | AF21: =IF(LEFT($M21,8)="Traverse",$M21,"") | AG21: =IF(LEFT($N21,8)="Traverse",$N21,"") | AH21: =IF(LEFT($O21,8)="Traverse",$O21,"") | AI21: =IF(LEFT($M21,6)="Meneau",$M21,"") | AJ21: =IF(LEFT($N21,6)="Meneau",$N21,"") | AK21: =IF(LEFT($O21,6)="Meneau",$O21,"") | AL21: =IF(AND(AF21="",AG21="",AH21=""),"",CHAR(10)&"Traverses : "&AF21&IF(AND(AF21<>"",AG21<>""),", ","")&AG21&IF(AND(OR(AF21<>"",AG21<>""),AH21<>""),", ","")&AH21) | AM21: =IF(AND(AI21="",AJ21="",AK21=""),"",CHAR(10)&"Meneaux : "&AI21&IF(AND(AI21<>"",AJ21<>""),", ","")&AJ21&IF(AND(OR(AI21<>"",AJ21<>""),AK21<>""),", ","")&AK21)
A22: 9 | J22: =IF($C22="","",$C22&" aluminium"&IF(OR($G22="",$H22=""),"",", "&$G22&" × "&$H22&" mm")&IF(OR(AND($G22<>"",IFERROR(VLOOKUP($C22,_Données!$A$196:$E$211,2,FALSE()),"")<>"",OR($G22<IFERROR(VLOOKUP($C22,_Données!$A$196:$E$211,2,FALSE()),""),$G22>IFERROR(VLOOKUP($C22,_Données!$A$196:$E$211,3,FALSE()),""))),AND($H22<>"",IFERROR(VLOOKUP($C22,_Données!$A$196:$E$211,4,FALSE()),"")<>"",OR($H22<IFERROR(VLOOKUP($C22,_Données!$A$196:$E$211,4,FALSE()),""),$H22>IFERROR(VLOOKUP($C22,_Données!$A$196:$E$211,5,FALSE()),"")))),CHAR(10)&"⚠ Hors abaque (L "&IFERROR(VLOOKUP($C22,_Données!$A$196:$E$211,2,FALSE()),"")&"–"&IFERROR(VLOOKUP($C22,_Données!$A$196:$E$211,3,FALSE()),"")&" / H "&IFERROR(VLOOKUP($C22,_Données!$A$196:$E$211,4,FALSE()),"")&"–"&IFERROR(VLOOKUP($C22,_Données!$A$196:$E$211,5,FALSE()),"")&" mm)","")&IF(IFERROR(VLOOKUP($C22,_Données!$A$158:$B$173,2,FALSE()),"")="","",CHAR(10)&"Système : "&VLOOKUP($C22,_Données!$A$158:$B$173,2,FALSE()))&IF($D22="","",CHAR(10)&"Traitement surface : "&$D22)&IF($E22="","",CHAR(10)&"Vitrage : "&$E22)&IF($F22="","",CHAR(10)&"Cadre : "&$F22)&IF(OR(IFERROR(VLOOKUP($C22,_Données!$A$177:$C$192,2,FALSE()),"")="",AND(OR($C22="Porte Lourde 1 vantail",$C22="Porte Lourde 2 vantaux"),OR(ISNUMBER(SEARCH("ventouse",$R22)),ISNUMBER(SEARCH("antipanique",$R22))))),"",CHAR(10)&"Poignée : "&IFERROR(VLOOKUP($C22,_Données!$A$177:$C$192,2,FALSE()),""))&IF(OR(IFERROR(VLOOKUP($C22,_Données!$A$177:$C$192,3,FALSE()),"")="",AND(OR($C22="Porte Lourde 1 vantail",$C22="Porte Lourde 2 vantaux"),OR(ISNUMBER(SEARCH("ventouse",$R22)),ISNUMBER(SEARCH("antipanique",$R22))))),"",CHAR(10)&"Fermeture : "&IFERROR(VLOOKUP($C22,_Données!$A$177:$C$192,3,FALSE()),""))&AL22&AM22&IF(AND($R22<>"",$R22<>"Aucune option"),CHAR(10)&"Option : "&$R22,"")&IF($L22="OUI",CHAR(10)&"Grille de ventilation","")&IF(AND($P22<>"",$P22<>"Aucun"),CHAR(10)&"Habillage extérieur : "&$P22,"")&IF(AND($Q22<>"",$Q22<>"Aucune"),CHAR(10)&"Bavette : "&$Q22,"")) | S22: =IFERROR(IF(ISNUMBER(IFERROR(IF(ISNUMBER(IF(IFERROR(OR(AND($G22<>"",IFERROR(VLOOKUP($C22,_Données!$A$196:$E$211,2,FALSE()),"")<>"",OR($G22<VLOOKUP($C22,_Données!$A$196:$E$211,2,FALSE()),$G22>VLOOKUP($C22,_Données!$A$196:$E$211,3,FALSE()))),AND($H22<>"",IFERROR(VLOOKUP($C22,_Données!$A$196:$E$211,4,FALSE()),"")<>"",OR($H22<VLOOKUP($C22,_Données!$A$196:$E$211,4,FALSE()),$H22>VLOOKUP($C22,_Données!$A$196:$E$211,5,FALSE())))),FALSE),"",IFERROR(IF(AND($R22<>"",$R22<>"Aucune option",NOT(OR($C22="Porte Lourde 1 vantail",$C22="Porte Lourde 2 vantaux"))),"⚠ Option valable uniquement pour Porte Lourde",IF(AE22>0,"⚠ Option T/M incompatible avec la gamme",IF(V22=0,IF(AC22>0,AC22,""),IF(V22=-1,"⚠ Dimension non disponible",(V22+W22+X22+Z22+AA22+AB22+AD22)*(1-Paramètres!$B$2)+AC22)))),""))),IF(IFERROR(OR(AND($G22<>"",IFERROR(VLOOKUP($C22,_Données!$A$196:$E$211,2,FALSE()),"")<>"",OR($G22<VLOOKUP($C22,_Données!$A$196:$E$211,2,FALSE()),$G22>VLOOKUP($C22,_Données!$A$196:$E$211,3,FALSE()))),AND($H22<>"",IFERROR(VLOOKUP($C22,_Données!$A$196:$E$211,4,FALSE()),"")<>"",OR($H22<VLOOKUP($C22,_Données!$A$196:$E$211,4,FALSE()),$H22>VLOOKUP($C22,_Données!$A$196:$E$211,5,FALSE())))),FALSE),"",IFERROR(IF(AND($R22<>"",$R22<>"Aucune option",NOT(OR($C22="Porte Lourde 1 vantail",$C22="Porte Lourde 2 vantaux"))),"⚠ Option valable uniquement pour Porte Lourde",IF(AE22>0,"⚠ Option T/M incompatible avec la gamme",IF(V22=0,IF(AC22>0,AC22,""),IF(V22=-1,"⚠ Dimension non disponible",(V22+W22+X22+Z22+AA22+AB22+AD22)*(1-Paramètres!$B$2)+AC22)))),""))+IF($L22="OUI",25,0),IF(IFERROR(OR(AND($G22<>"",IFERROR(VLOOKUP($C22,_Données!$A$196:$E$211,2,FALSE()),"")<>"",OR($G22<VLOOKUP($C22,_Données!$A$196:$E$211,2,FALSE()),$G22>VLOOKUP($C22,_Données!$A$196:$E$211,3,FALSE()))),AND($H22<>"",IFERROR(VLOOKUP($C22,_Données!$A$196:$E$211,4,FALSE()),"")<>"",OR($H22<VLOOKUP($C22,_Données!$A$196:$E$211,4,FALSE()),$H22>VLOOKUP($C22,_Données!$A$196:$E$211,5,FALSE())))),FALSE),"",IFERROR(IF(AND($R22<>"",$R22<>"Aucune option",NOT(OR($C22="Porte Lourde 1 vantail",$C22="Porte Lourde 2 vantaux"))),"⚠ Option valable uniquement pour Porte Lourde",IF(AE22>0,"⚠ Option T/M incompatible avec la gamme",IF(V22=0,IF(AC22>0,AC22,""),IF(V22=-1,"⚠ Dimension non disponible",(V22+W22+X22+Z22+AA22+AB22+AD22)*(1-Paramètres!$B$2)+AC22)))),""))),"")),IFERROR(IF(ISNUMBER(IF(IFERROR(OR(AND($G22<>"",IFERROR(VLOOKUP($C22,_Données!$A$196:$E$211,2,FALSE()),"")<>"",OR($G22<VLOOKUP($C22,_Données!$A$196:$E$211,2,FALSE()),$G22>VLOOKUP($C22,_Données!$A$196:$E$211,3,FALSE()))),AND($H22<>"",IFERROR(VLOOKUP($C22,_Données!$A$196:$E$211,4,FALSE()),"")<>"",OR($H22<VLOOKUP($C22,_Données!$A$196:$E$211,4,FALSE()),$H22>VLOOKUP($C22,_Données!$A$196:$E$211,5,FALSE())))),FALSE),"",IFERROR(IF(AND($R22<>"",$R22<>"Aucune option",NOT(OR($C22="Porte Lourde 1 vantail",$C22="Porte Lourde 2 vantaux"))),"⚠ Option valable uniquement pour Porte Lourde",IF(AE22>0,"⚠ Option T/M incompatible avec la gamme",IF(V22=0,IF(AC22>0,AC22,""),IF(V22=-1,"⚠ Dimension non disponible",(V22+W22+X22+Z22+AA22+AB22+AD22)*(1-Paramètres!$B$2)+AC22)))),""))),IF(IFERROR(OR(AND($G22<>"",IFERROR(VLOOKUP($C22,_Données!$A$196:$E$211,2,FALSE()),"")<>"",OR($G22<VLOOKUP($C22,_Données!$A$196:$E$211,2,FALSE()),$G22>VLOOKUP($C22,_Données!$A$196:$E$211,3,FALSE()))),AND($H22<>"",IFERROR(VLOOKUP($C22,_Données!$A$196:$E$211,4,FALSE()),"")<>"",OR($H22<VLOOKUP($C22,_Données!$A$196:$E$211,4,FALSE()),$H22>VLOOKUP($C22,_Données!$A$196:$E$211,5,FALSE())))),FALSE),"",IFERROR(IF(AND($R22<>"",$R22<>"Aucune option",NOT(OR($C22="Porte Lourde 1 vantail",$C22="Porte Lourde 2 vantaux"))),"⚠ Option valable uniquement pour Porte Lourde",IF(AE22>0,"⚠ Option T/M incompatible avec la gamme",IF(V22=0,IF(AC22>0,AC22,""),IF(V22=-1,"⚠ Dimension non disponible",(V22+W22+X22+Z22+AA22+AB22+AD22)*(1-Paramètres!$B$2)+AC22)))),""))+IF($L22="OUI",25,0),IF(IFERROR(OR(AND($G22<>"",IFERROR(VLOOKUP($C22,_Données!$A$196:$E$211,2,FALSE()),"")<>"",OR($G22<VLOOKUP($C22,_Données!$A$196:$E$211,2,FALSE()),$G22>VLOOKUP($C22,_Données!$A$196:$E$211,3,FALSE()))),AND($H22<>"",IFERROR(VLOOKUP($C22,_Données!$A$196:$E$211,4,FALSE()),"")<>"",OR($H22<VLOOKUP($C22,_Données!$A$196:$E$211,4,FALSE()),$H22>VLOOKUP($C22,_Données!$A$196:$E$211,5,FALSE())))),FALSE),"",IFERROR(IF(AND($R22<>"",$R22<>"Aucune option",NOT(OR($C22="Porte Lourde 1 vantail",$C22="Porte Lourde 2 vantaux"))),"⚠ Option valable uniquement pour Porte Lourde",IF(AE22>0,"⚠ Option T/M incompatible avec la gamme",IF(V22=0,IF(AC22>0,AC22,""),IF(V22=-1,"⚠ Dimension non disponible",(V22+W22+X22+Z22+AA22+AB22+AD22)*(1-Paramètres!$B$2)+AC22)))),""))),"")+IFERROR(VLOOKUP($P22,_Données!$A$218:$B$229,2,FALSE())*($G22+2*$H22)/1000,0)+IFERROR(VLOOKUP($Q22,_Données!$A$232:$B$236,2,FALSE())*$G22/1000,0),IFERROR(IF(ISNUMBER(IF(IFERROR(OR(AND($G22<>"",IFERROR(VLOOKUP($C22,_Données!$A$196:$E$211,2,FALSE()),"")<>"",OR($G22<VLOOKUP($C22,_Données!$A$196:$E$211,2,FALSE()),$G22>VLOOKUP($C22,_Données!$A$196:$E$211,3,FALSE()))),AND($H22<>"",IFERROR(VLOOKUP($C22,_Données!$A$196:$E$211,4,FALSE()),"")<>"",OR($H22<VLOOKUP($C22,_Données!$A$196:$E$211,4,FALSE()),$H22>VLOOKUP($C22,_Données!$A$196:$E$211,5,FALSE())))),FALSE),"",IFERROR(IF(AND($R22<>"",$R22<>"Aucune option",NOT(OR($C22="Porte Lourde 1 vantail",$C22="Porte Lourde 2 vantaux"))),"⚠ Option valable uniquement pour Porte Lourde",IF(AE22>0,"⚠ Option T/M incompatible avec la gamme",IF(V22=0,IF(AC22>0,AC22,""),IF(V22=-1,"⚠ Dimension non disponible",(V22+W22+X22+Z22+AA22+AB22+AD22)*(1-Paramètres!$B$2)+AC22)))),""))),IF(IFERROR(OR(AND($G22<>"",IFERROR(VLOOKUP($C22,_Données!$A$196:$E$211,2,FALSE()),"")<>"",OR($G22<VLOOKUP($C22,_Données!$A$196:$E$211,2,FALSE()),$G22>VLOOKUP($C22,_Données!$A$196:$E$211,3,FALSE()))),AND($H22<>"",IFERROR(VLOOKUP($C22,_Données!$A$196:$E$211,4,FALSE()),"")<>"",OR($H22<VLOOKUP($C22,_Données!$A$196:$E$211,4,FALSE()),$H22>VLOOKUP($C22,_Données!$A$196:$E$211,5,FALSE())))),FALSE),"",IFERROR(IF(AND($R22<>"",$R22<>"Aucune option",NOT(OR($C22="Porte Lourde 1 vantail",$C22="Porte Lourde 2 vantaux"))),"⚠ Option valable uniquement pour Porte Lourde",IF(AE22>0,"⚠ Option T/M incompatible avec la gamme",IF(V22=0,IF(AC22>0,AC22,""),IF(V22=-1,"⚠ Dimension non disponible",(V22+W22+X22+Z22+AA22+AB22+AD22)*(1-Paramètres!$B$2)+AC22)))),""))+IF($L22="OUI",25,0),IF(IFERROR(OR(AND($G22<>"",IFERROR(VLOOKUP($C22,_Données!$A$196:$E$211,2,FALSE()),"")<>"",OR($G22<VLOOKUP($C22,_Données!$A$196:$E$211,2,FALSE()),$G22>VLOOKUP($C22,_Données!$A$196:$E$211,3,FALSE()))),AND($H22<>"",IFERROR(VLOOKUP($C22,_Données!$A$196:$E$211,4,FALSE()),"")<>"",OR($H22<VLOOKUP($C22,_Données!$A$196:$E$211,4,FALSE()),$H22>VLOOKUP($C22,_Données!$A$196:$E$211,5,FALSE())))),FALSE),"",IFERROR(IF(AND($R22<>"",$R22<>"Aucune option",NOT(OR($C22="Porte Lourde 1 vantail",$C22="Porte Lourde 2 vantaux"))),"⚠ Option valable uniquement pour Porte Lourde",IF(AE22>0,"⚠ Option T/M incompatible avec la gamme",IF(V22=0,IF(AC22>0,AC22,""),IF(V22=-1,"⚠ Dimension non disponible",(V22+W22+X22+Z22+AA22+AB22+AD22)*(1-Paramètres!$B$2)+AC22)))),""))),"")),"") | T22: =IFERROR(IF(OR(S22="",ISTEXT(S22)),"",S22*$I22),"") | V22: =IFERROR(IF(OR($C22="",$G22="",$H22=""),0,IF(INDIRECT("'"&VLOOKUP($C22,_Données!$A$3:$V$18,2,FALSE())&"'!"&ADDRESS((VLOOKUP($C22,_Données!$A$3:$V$18,12,FALSE())+IFERROR(MATCH(MAX(VLOOKUP($C22,_Données!$A$3:$V$18,18,FALSE()),MIN(VLOOKUP($C22,_Données!$A$3:$V$18,6,FALSE()),(VLOOKUP($C22,_Données!$A$3:$V$18,18,FALSE())+ROUND(($H22-VLOOKUP($C22,_Données!$A$3:$V$18,18,FALSE()))/VLOOKUP($C22,_Données!$A$3:$V$18,19,FALSE()),0)*VLOOKUP($C22,_Données!$A$3:$V$18,19,FALSE())))),INDIRECT("'"&VLOOKUP($C22,_Données!$A$3:$V$18,2,FALSE())&"'!"&ADDRESS(VLOOKUP($C22,_Données!$A$3:$V$18,12,FALSE()),1,4)&":"&ADDRESS(VLOOKUP($C22,_Données!$A$3:$V$18,12,FALSE())+VLOOKUP($C22,_Données!$A$3:$V$18,15,FALSE())-1,1,4)),0),MATCH(MAX(VLOOKUP($C22,_Données!$A$3:$V$18,18,FALSE()),MIN(VLOOKUP($C22,_Données!$A$3:$V$18,6,FALSE()),(VLOOKUP($C22,_Données!$A$3:$V$18,18,FALSE())+ROUND(($H22-VLOOKUP($C22,_Données!$A$3:$V$18,18,FALSE()))/VLOOKUP($C22,_Données!$A$3:$V$18,19,FALSE()),0)*VLOOKUP($C22,_Données!$A$3:$V$18,19,FALSE())))),INDIRECT("'"&VLOOKUP($C22,_Données!$A$3:$V$18,2,FALSE())&"'!"&ADDRESS(VLOOKUP($C22,_Données!$A$3:$V$18,12,FALSE()),1,4)&":"&ADDRESS(VLOOKUP($C22,_Données!$A$3:$V$18,12,FALSE())+VLOOKUP($C22,_Données!$A$3:$V$18,15,FALSE())-1,1,4)),1))-1),(VLOOKUP($C22,_Données!$A$3:$V$18,13,FALSE())+IFERROR(MATCH(MAX(VLOOKUP($C22,_Données!$A$3:$V$18,16,FALSE()),MIN(VLOOKUP($C22,_Données!$A$3:$V$18,4,FALSE()),(VLOOKUP($C22,_Données!$A$3:$V$18,16,FALSE())+ROUND(($G22-VLOOKUP($C22,_Données!$A$3:$V$18,16,FALSE()))/VLOOKUP($C22,_Données!$A$3:$V$18,17,FALSE()),0)*VLOOKUP($C22,_Données!$A$3:$V$18,17,FALSE())))),INDIRECT("'"&VLOOKUP($C22,_Données!$A$3:$V$18,2,FALSE())&"'!"&ADDRESS(VLOOKUP($C22,_Données!$A$3:$V$18,12,FALSE())-1,VLOOKUP($C22,_Données!$A$3:$V$18,13,FALSE()),4)&":"&ADDRESS(VLOOKUP($C22,_Données!$A$3:$V$18,12,FALSE())-1,VLOOKUP($C22,_Données!$A$3:$V$18,13,FALSE())+VLOOKUP($C22,_Données!$A$3:$V$18,14,FALSE())-1,4)),0),MATCH(MAX(VLOOKUP($C22,_Données!$A$3:$V$18,16,FALSE()),MIN(VLOOKUP($C22,_Données!$A$3:$V$18,4,FALSE()),(VLOOKUP($C22,_Données!$A$3:$V$18,16,FALSE())+ROUND(($G22-VLOOKUP($C22,_Données!$A$3:$V$18,16,FALSE()))/VLOOKUP($C22,_Données!$A$3:$V$18,17,FALSE()),0)*VLOOKUP($C22,_Données!$A$3:$V$18,17,FALSE())))),INDIRECT("'"&VLOOKUP($C22,_Données!$A$3:$V$18,2,FALSE())&"'!"&ADDRESS(VLOOKUP($C22,_Données!$A$3:$V$18,12,FALSE())-1,VLOOKUP($C22,_Données!$A$3:$V$18,13,FALSE()),4)&":"&ADDRESS(VLOOKUP($C22,_Données!$A$3:$V$18,12,FALSE())-1,VLOOKUP($C22,_Données!$A$3:$V$18,13,FALSE())+VLOOKUP($C22,_Données!$A$3:$V$18,14,FALSE())-1,4)),1))-1),4))="",-1,INDIRECT("'"&VLOOKUP($C22,_Données!$A$3:$V$18,2,FALSE())&"'!"&ADDRESS((VLOOKUP($C22,_Données!$A$3:$V$18,12,FALSE())+IFERROR(MATCH(MAX(VLOOKUP($C22,_Données!$A$3:$V$18,18,FALSE()),MIN(VLOOKUP($C22,_Données!$A$3:$V$18,6,FALSE()),(VLOOKUP($C22,_Données!$A$3:$V$18,18,FALSE())+ROUND(($H22-VLOOKUP($C22,_Données!$A$3:$V$18,18,FALSE()))/VLOOKUP($C22,_Données!$A$3:$V$18,19,FALSE()),0)*VLOOKUP($C22,_Données!$A$3:$V$18,19,FALSE())))),INDIRECT("'"&VLOOKUP($C22,_Données!$A$3:$V$18,2,FALSE())&"'!"&ADDRESS(VLOOKUP($C22,_Données!$A$3:$V$18,12,FALSE()),1,4)&":"&ADDRESS(VLOOKUP($C22,_Données!$A$3:$V$18,12,FALSE())+VLOOKUP($C22,_Données!$A$3:$V$18,15,FALSE())-1,1,4)),0),MATCH(MAX(VLOOKUP($C22,_Données!$A$3:$V$18,18,FALSE()),MIN(VLOOKUP($C22,_Données!$A$3:$V$18,6,FALSE()),(VLOOKUP($C22,_Données!$A$3:$V$18,18,FALSE())+ROUND(($H22-VLOOKUP($C22,_Données!$A$3:$V$18,18,FALSE()))/VLOOKUP($C22,_Données!$A$3:$V$18,19,FALSE()),0)*VLOOKUP($C22,_Données!$A$3:$V$18,19,FALSE())))),INDIRECT("'"&VLOOKUP($C22,_Données!$A$3:$V$18,2,FALSE())&"'!"&ADDRESS(VLOOKUP($C22,_Données!$A$3:$V$18,12,FALSE()),1,4)&":"&ADDRESS(VLOOKUP($C22,_Données!$A$3:$V$18,12,FALSE())+VLOOKUP($C22,_Données!$A$3:$V$18,15,FALSE())-1,1,4)),1))-1),(VLOOKUP($C22,_Données!$A$3:$V$18,13,FALSE())+IFERROR(MATCH(MAX(VLOOKUP($C22,_Données!$A$3:$V$18,16,FALSE()),MIN(VLOOKUP($C22,_Données!$A$3:$V$18,4,FALSE()),(VLOOKUP($C22,_Données!$A$3:$V$18,16,FALSE())+ROUND(($G22-VLOOKUP($C22,_Données!$A$3:$V$18,16,FALSE()))/VLOOKUP($C22,_Données!$A$3:$V$18,17,FALSE()),0)*VLOOKUP($C22,_Données!$A$3:$V$18,17,FALSE())))),INDIRECT("'"&VLOOKUP($C22,_Données!$A$3:$V$18,2,FALSE())&"'!"&ADDRESS(VLOOKUP($C22,_Données!$A$3:$V$18,12,FALSE())-1,VLOOKUP($C22,_Données!$A$3:$V$18,13,FALSE()),4)&":"&ADDRESS(VLOOKUP($C22,_Données!$A$3:$V$18,12,FALSE())-1,VLOOKUP($C22,_Données!$A$3:$V$18,13,FALSE())+VLOOKUP($C22,_Données!$A$3:$V$18,14,FALSE())-1,4)),0),MATCH(MAX(VLOOKUP($C22,_Données!$A$3:$V$18,16,FALSE()),MIN(VLOOKUP($C22,_Données!$A$3:$V$18,4,FALSE()),(VLOOKUP($C22,_Données!$A$3:$V$18,16,FALSE())+ROUND(($G22-VLOOKUP($C22,_Données!$A$3:$V$18,16,FALSE()))/VLOOKUP($C22,_Données!$A$3:$V$18,17,FALSE()),0)*VLOOKUP($C22,_Données!$A$3:$V$18,17,FALSE())))),INDIRECT("'"&VLOOKUP($C22,_Données!$A$3:$V$18,2,FALSE())&"'!"&ADDRESS(VLOOKUP($C22,_Données!$A$3:$V$18,12,FALSE())-1,VLOOKUP($C22,_Données!$A$3:$V$18,13,FALSE()),4)&":"&ADDRESS(VLOOKUP($C22,_Données!$A$3:$V$18,12,FALSE())-1,VLOOKUP($C22,_Données!$A$3:$V$18,13,FALSE())+VLOOKUP($C22,_Données!$A$3:$V$18,14,FALSE())-1,4)),1))-1),4)))),0) -> 0 | W22: =IFERROR(IF(V22=0,0,IF(MAX(VLOOKUP($C22,_Données!$A$3:$V$18,18,FALSE()),MIN(VLOOKUP($C22,_Données!$A$3:$V$18,6,FALSE()),(VLOOKUP($C22,_Données!$A$3:$V$18,18,FALSE())+ROUND(($H22-VLOOKUP($C22,_Données!$A$3:$V$18,18,FALSE()))/VLOOKUP($C22,_Données!$A$3:$V$18,19,FALSE()),0)*VLOOKUP($C22,_Données!$A$3:$V$18,19,FALSE()))))>=VLOOKUP($C22,_Données!$A$3:$V$18,10,FALSE()),V22*VLOOKUP($C22,_Données!$A$3:$V$18,11,FALSE()),0)),0) -> 0 | X22: =IFERROR(IF(OR($D22="",V22=0),0,V22*VLOOKUP($D22,_Données!$A$21:$C$28,2,FALSE())),0) -> 0 | Y22: =IFERROR(IF($D22="",0,VLOOKUP($D22,_Données!$A$21:$C$28,3,FALSE())),0) -> 0 | Z22: =IFERROR(IF($E22="",0,VLOOKUP($E22,_Données!$A$48:$C$104,2,FALSE())),0) -> 0 | AA22: =IFERROR(IF(OR($F22="",$G22="",$H22=""),0,VLOOKUP($F22,_Données!$A$33:$C$43,2,FALSE())*2*($G22+$H22)/1000),0) -> 0 | AB22: =IFERROR(IF(OR($F22="",V22=0),0,V22*VLOOKUP($F22,_Données!$A$33:$C$43,3,FALSE())),0) -> 0 | AC22: =IFERROR(IF(OR($R22="",$R22="Aucune option",NOT(OR($C22="Porte Lourde 1 vantail",$C22="Porte Lourde 2 vantaux"))),0,VLOOKUP($R22,_Données!$A$109:$C$125,2,FALSE())*0.75*IF(VLOOKUP($R22,_Données!$A$109:$C$125,3,FALSE())=1,IF($C22="Porte Lourde 1 vantail",1,IF($C22="Porte Lourde 2 vantaux",2,1)),1)*(1-Paramètres!$B$2)),0) -> 0 | AD22: =IFERROR(IF(OR($M22="",$M22="Aucune"),0,VLOOKUP($C22&"|"&$M22,_Données!$A$132:$B$146,2,FALSE())*IF(LEFT($M22,8)="Traverse",$G22,$H22)/1000),0)+IFERROR(IF(OR($N22="",$N22="Aucune"),0,VLOOKUP($C22&"|"&$N22,_Données!$A$132:$B$146,2,FALSE())*IF(LEFT($N22,8)="Traverse",$G22,$H22)/1000),0)+IFERROR(IF(OR($O22="",$O22="Aucune"),0,VLOOKUP($C22&"|"&$O22,_Données!$A$132:$B$146,2,FALSE())*IF(LEFT($O22,8)="Traverse",$G22,$H22)/1000),0) -> 0 | AE22: =IF(AND($M22<>"",$M22<>"Aucune"),IF(ISNA(VLOOKUP($C22&"|"&$M22,_Données!$A$132:$B$146,2,FALSE())),1,0),0)+IF(AND($N22<>"",$N22<>"Aucune"),IF(ISNA(VLOOKUP($C22&"|"&$N22,_Données!$A$132:$B$146,2,FALSE())),1,0),0)+IF(AND($O22<>"",$O22<>"Aucune"),IF(ISNA(VLOOKUP($C22&"|"&$O22,_Données!$A$132:$B$146,2,FALSE())),1,0),0) -> 0 | AF22: =IF(LEFT($M22,8)="Traverse",$M22,"") | AG22: =IF(LEFT($N22,8)="Traverse",$N22,"") | AH22: =IF(LEFT($O22,8)="Traverse",$O22,"") | AI22: =IF(LEFT($M22,6)="Meneau",$M22,"") | AJ22: =IF(LEFT($N22,6)="Meneau",$N22,"") | AK22: =IF(LEFT($O22,6)="Meneau",$O22,"") | AL22: =IF(AND(AF22="",AG22="",AH22=""),"",CHAR(10)&"Traverses : "&AF22&IF(AND(AF22<>"",AG22<>""),", ","")&AG22&IF(AND(OR(AF22<>"",AG22<>""),AH22<>""),", ","")&AH22) | AM22: =IF(AND(AI22="",AJ22="",AK22=""),"",CHAR(10)&"Meneaux : "&AI22&IF(AND(AI22<>"",AJ22<>""),", ","")&AJ22&IF(AND(OR(AI22<>"",AJ22<>""),AK22<>""),", ","")&AK22)
A23: 10 | J23: =IF($C23="","",$C23&" aluminium"&IF(OR($G23="",$H23=""),"",", "&$G23&" × "&$H23&" mm")&IF(OR(AND($G23<>"",IFERROR(VLOOKUP($C23,_Données!$A$196:$E$211,2,FALSE()),"")<>"",OR($G23<IFERROR(VLOOKUP($C23,_Données!$A$196:$E$211,2,FALSE()),""),$G23>IFERROR(VLOOKUP($C23,_Données!$A$196:$E$211,3,FALSE()),""))),AND($H23<>"",IFERROR(VLOOKUP($C23,_Données!$A$196:$E$211,4,FALSE()),"")<>"",OR($H23<IFERROR(VLOOKUP($C23,_Données!$A$196:$E$211,4,FALSE()),""),$H23>IFERROR(VLOOKUP($C23,_Données!$A$196:$E$211,5,FALSE()),"")))),CHAR(10)&"⚠ Hors abaque (L "&IFERROR(VLOOKUP($C23,_Données!$A$196:$E$211,2,FALSE()),"")&"–"&IFERROR(VLOOKUP($C23,_Données!$A$196:$E$211,3,FALSE()),"")&" / H "&IFERROR(VLOOKUP($C23,_Données!$A$196:$E$211,4,FALSE()),"")&"–"&IFERROR(VLOOKUP($C23,_Données!$A$196:$E$211,5,FALSE()),"")&" mm)","")&IF(IFERROR(VLOOKUP($C23,_Données!$A$158:$B$173,2,FALSE()),"")="","",CHAR(10)&"Système : "&VLOOKUP($C23,_Données!$A$158:$B$173,2,FALSE()))&IF($D23="","",CHAR(10)&"Traitement surface : "&$D23)&IF($E23="","",CHAR(10)&"Vitrage : "&$E23)&IF($F23="","",CHAR(10)&"Cadre : "&$F23)&IF(OR(IFERROR(VLOOKUP($C23,_Données!$A$177:$C$192,2,FALSE()),"")="",AND(OR($C23="Porte Lourde 1 vantail",$C23="Porte Lourde 2 vantaux"),OR(ISNUMBER(SEARCH("ventouse",$R23)),ISNUMBER(SEARCH("antipanique",$R23))))),"",CHAR(10)&"Poignée : "&IFERROR(VLOOKUP($C23,_Données!$A$177:$C$192,2,FALSE()),""))&IF(OR(IFERROR(VLOOKUP($C23,_Données!$A$177:$C$192,3,FALSE()),"")="",AND(OR($C23="Porte Lourde 1 vantail",$C23="Porte Lourde 2 vantaux"),OR(ISNUMBER(SEARCH("ventouse",$R23)),ISNUMBER(SEARCH("antipanique",$R23))))),"",CHAR(10)&"Fermeture : "&IFERROR(VLOOKUP($C23,_Données!$A$177:$C$192,3,FALSE()),""))&AL23&AM23&IF(AND($R23<>"",$R23<>"Aucune option"),CHAR(10)&"Option : "&$R23,"")&IF($L23="OUI",CHAR(10)&"Grille de ventilation","")&IF(AND($P23<>"",$P23<>"Aucun"),CHAR(10)&"Habillage extérieur : "&$P23,"")&IF(AND($Q23<>"",$Q23<>"Aucune"),CHAR(10)&"Bavette : "&$Q23,"")) | S23: =IFERROR(IF(ISNUMBER(IFERROR(IF(ISNUMBER(IF(IFERROR(OR(AND($G23<>"",IFERROR(VLOOKUP($C23,_Données!$A$196:$E$211,2,FALSE()),"")<>"",OR($G23<VLOOKUP($C23,_Données!$A$196:$E$211,2,FALSE()),$G23>VLOOKUP($C23,_Données!$A$196:$E$211,3,FALSE()))),AND($H23<>"",IFERROR(VLOOKUP($C23,_Données!$A$196:$E$211,4,FALSE()),"")<>"",OR($H23<VLOOKUP($C23,_Données!$A$196:$E$211,4,FALSE()),$H23>VLOOKUP($C23,_Données!$A$196:$E$211,5,FALSE())))),FALSE),"",IFERROR(IF(AND($R23<>"",$R23<>"Aucune option",NOT(OR($C23="Porte Lourde 1 vantail",$C23="Porte Lourde 2 vantaux"))),"⚠ Option valable uniquement pour Porte Lourde",IF(AE23>0,"⚠ Option T/M incompatible avec la gamme",IF(V23=0,IF(AC23>0,AC23,""),IF(V23=-1,"⚠ Dimension non disponible",(V23+W23+X23+Z23+AA23+AB23+AD23)*(1-Paramètres!$B$2)+AC23)))),""))),IF(IFERROR(OR(AND($G23<>"",IFERROR(VLOOKUP($C23,_Données!$A$196:$E$211,2,FALSE()),"")<>"",OR($G23<VLOOKUP($C23,_Données!$A$196:$E$211,2,FALSE()),$G23>VLOOKUP($C23,_Données!$A$196:$E$211,3,FALSE()))),AND($H23<>"",IFERROR(VLOOKUP($C23,_Données!$A$196:$E$211,4,FALSE()),"")<>"",OR($H23<VLOOKUP($C23,_Données!$A$196:$E$211,4,FALSE()),$H23>VLOOKUP($C23,_Données!$A$196:$E$211,5,FALSE())))),FALSE),"",IFERROR(IF(AND($R23<>"",$R23<>"Aucune option",NOT(OR($C23="Porte Lourde 1 vantail",$C23="Porte Lourde 2 vantaux"))),"⚠ Option valable uniquement pour Porte Lourde",IF(AE23>0,"⚠ Option T/M incompatible avec la gamme",IF(V23=0,IF(AC23>0,AC23,""),IF(V23=-1,"⚠ Dimension non disponible",(V23+W23+X23+Z23+AA23+AB23+AD23)*(1-Paramètres!$B$2)+AC23)))),""))+IF($L23="OUI",25,0),IF(IFERROR(OR(AND($G23<>"",IFERROR(VLOOKUP($C23,_Données!$A$196:$E$211,2,FALSE()),"")<>"",OR($G23<VLOOKUP($C23,_Données!$A$196:$E$211,2,FALSE()),$G23>VLOOKUP($C23,_Données!$A$196:$E$211,3,FALSE()))),AND($H23<>"",IFERROR(VLOOKUP($C23,_Données!$A$196:$E$211,4,FALSE()),"")<>"",OR($H23<VLOOKUP($C23,_Données!$A$196:$E$211,4,FALSE()),$H23>VLOOKUP($C23,_Données!$A$196:$E$211,5,FALSE())))),FALSE),"",IFERROR(IF(AND($R23<>"",$R23<>"Aucune option",NOT(OR($C23="Porte Lourde 1 vantail",$C23="Porte Lourde 2 vantaux"))),"⚠ Option valable uniquement pour Porte Lourde",IF(AE23>0,"⚠ Option T/M incompatible avec la gamme",IF(V23=0,IF(AC23>0,AC23,""),IF(V23=-1,"⚠ Dimension non disponible",(V23+W23+X23+Z23+AA23+AB23+AD23)*(1-Paramètres!$B$2)+AC23)))),""))),"")),IFERROR(IF(ISNUMBER(IF(IFERROR(OR(AND($G23<>"",IFERROR(VLOOKUP($C23,_Données!$A$196:$E$211,2,FALSE()),"")<>"",OR($G23<VLOOKUP($C23,_Données!$A$196:$E$211,2,FALSE()),$G23>VLOOKUP($C23,_Données!$A$196:$E$211,3,FALSE()))),AND($H23<>"",IFERROR(VLOOKUP($C23,_Données!$A$196:$E$211,4,FALSE()),"")<>"",OR($H23<VLOOKUP($C23,_Données!$A$196:$E$211,4,FALSE()),$H23>VLOOKUP($C23,_Données!$A$196:$E$211,5,FALSE())))),FALSE),"",IFERROR(IF(AND($R23<>"",$R23<>"Aucune option",NOT(OR($C23="Porte Lourde 1 vantail",$C23="Porte Lourde 2 vantaux"))),"⚠ Option valable uniquement pour Porte Lourde",IF(AE23>0,"⚠ Option T/M incompatible avec la gamme",IF(V23=0,IF(AC23>0,AC23,""),IF(V23=-1,"⚠ Dimension non disponible",(V23+W23+X23+Z23+AA23+AB23+AD23)*(1-Paramètres!$B$2)+AC23)))),""))),IF(IFERROR(OR(AND($G23<>"",IFERROR(VLOOKUP($C23,_Données!$A$196:$E$211,2,FALSE()),"")<>"",OR($G23<VLOOKUP($C23,_Données!$A$196:$E$211,2,FALSE()),$G23>VLOOKUP($C23,_Données!$A$196:$E$211,3,FALSE()))),AND($H23<>"",IFERROR(VLOOKUP($C23,_Données!$A$196:$E$211,4,FALSE()),"")<>"",OR($H23<VLOOKUP($C23,_Données!$A$196:$E$211,4,FALSE()),$H23>VLOOKUP($C23,_Données!$A$196:$E$211,5,FALSE())))),FALSE),"",IFERROR(IF(AND($R23<>"",$R23<>"Aucune option",NOT(OR($C23="Porte Lourde 1 vantail",$C23="Porte Lourde 2 vantaux"))),"⚠ Option valable uniquement pour Porte Lourde",IF(AE23>0,"⚠ Option T/M incompatible avec la gamme",IF(V23=0,IF(AC23>0,AC23,""),IF(V23=-1,"⚠ Dimension non disponible",(V23+W23+X23+Z23+AA23+AB23+AD23)*(1-Paramètres!$B$2)+AC23)))),""))+IF($L23="OUI",25,0),IF(IFERROR(OR(AND($G23<>"",IFERROR(VLOOKUP($C23,_Données!$A$196:$E$211,2,FALSE()),"")<>"",OR($G23<VLOOKUP($C23,_Données!$A$196:$E$211,2,FALSE()),$G23>VLOOKUP($C23,_Données!$A$196:$E$211,3,FALSE()))),AND($H23<>"",IFERROR(VLOOKUP($C23,_Données!$A$196:$E$211,4,FALSE()),"")<>"",OR($H23<VLOOKUP($C23,_Données!$A$196:$E$211,4,FALSE()),$H23>VLOOKUP($C23,_Données!$A$196:$E$211,5,FALSE())))),FALSE),"",IFERROR(IF(AND($R23<>"",$R23<>"Aucune option",NOT(OR($C23="Porte Lourde 1 vantail",$C23="Porte Lourde 2 vantaux"))),"⚠ Option valable uniquement pour Porte Lourde",IF(AE23>0,"⚠ Option T/M incompatible avec la gamme",IF(V23=0,IF(AC23>0,AC23,""),IF(V23=-1,"⚠ Dimension non disponible",(V23+W23+X23+Z23+AA23+AB23+AD23)*(1-Paramètres!$B$2)+AC23)))),""))),"")+IFERROR(VLOOKUP($P23,_Données!$A$218:$B$229,2,FALSE())*($G23+2*$H23)/1000,0)+IFERROR(VLOOKUP($Q23,_Données!$A$232:$B$236,2,FALSE())*$G23/1000,0),IFERROR(IF(ISNUMBER(IF(IFERROR(OR(AND($G23<>"",IFERROR(VLOOKUP($C23,_Données!$A$196:$E$211,2,FALSE()),"")<>"",OR($G23<VLOOKUP($C23,_Données!$A$196:$E$211,2,FALSE()),$G23>VLOOKUP($C23,_Données!$A$196:$E$211,3,FALSE()))),AND($H23<>"",IFERROR(VLOOKUP($C23,_Données!$A$196:$E$211,4,FALSE()),"")<>"",OR($H23<VLOOKUP($C23,_Données!$A$196:$E$211,4,FALSE()),$H23>VLOOKUP($C23,_Données!$A$196:$E$211,5,FALSE())))),FALSE),"",IFERROR(IF(AND($R23<>"",$R23<>"Aucune option",NOT(OR($C23="Porte Lourde 1 vantail",$C23="Porte Lourde 2 vantaux"))),"⚠ Option valable uniquement pour Porte Lourde",IF(AE23>0,"⚠ Option T/M incompatible avec la gamme",IF(V23=0,IF(AC23>0,AC23,""),IF(V23=-1,"⚠ Dimension non disponible",(V23+W23+X23+Z23+AA23+AB23+AD23)*(1-Paramètres!$B$2)+AC23)))),""))),IF(IFERROR(OR(AND($G23<>"",IFERROR(VLOOKUP($C23,_Données!$A$196:$E$211,2,FALSE()),"")<>"",OR($G23<VLOOKUP($C23,_Données!$A$196:$E$211,2,FALSE()),$G23>VLOOKUP($C23,_Données!$A$196:$E$211,3,FALSE()))),AND($H23<>"",IFERROR(VLOOKUP($C23,_Données!$A$196:$E$211,4,FALSE()),"")<>"",OR($H23<VLOOKUP($C23,_Données!$A$196:$E$211,4,FALSE()),$H23>VLOOKUP($C23,_Données!$A$196:$E$211,5,FALSE())))),FALSE),"",IFERROR(IF(AND($R23<>"",$R23<>"Aucune option",NOT(OR($C23="Porte Lourde 1 vantail",$C23="Porte Lourde 2 vantaux"))),"⚠ Option valable uniquement pour Porte Lourde",IF(AE23>0,"⚠ Option T/M incompatible avec la gamme",IF(V23=0,IF(AC23>0,AC23,""),IF(V23=-1,"⚠ Dimension non disponible",(V23+W23+X23+Z23+AA23+AB23+AD23)*(1-Paramètres!$B$2)+AC23)))),""))+IF($L23="OUI",25,0),IF(IFERROR(OR(AND($G23<>"",IFERROR(VLOOKUP($C23,_Données!$A$196:$E$211,2,FALSE()),"")<>"",OR($G23<VLOOKUP($C23,_Données!$A$196:$E$211,2,FALSE()),$G23>VLOOKUP($C23,_Données!$A$196:$E$211,3,FALSE()))),AND($H23<>"",IFERROR(VLOOKUP($C23,_Données!$A$196:$E$211,4,FALSE()),"")<>"",OR($H23<VLOOKUP($C23,_Données!$A$196:$E$211,4,FALSE()),$H23>VLOOKUP($C23,_Données!$A$196:$E$211,5,FALSE())))),FALSE),"",IFERROR(IF(AND($R23<>"",$R23<>"Aucune option",NOT(OR($C23="Porte Lourde 1 vantail",$C23="Porte Lourde 2 vantaux"))),"⚠ Option valable uniquement pour Porte Lourde",IF(AE23>0,"⚠ Option T/M incompatible avec la gamme",IF(V23=0,IF(AC23>0,AC23,""),IF(V23=-1,"⚠ Dimension non disponible",(V23+W23+X23+Z23+AA23+AB23+AD23)*(1-Paramètres!$B$2)+AC23)))),""))),"")),"") | T23: =IFERROR(IF(OR(S23="",ISTEXT(S23)),"",S23*$I23),"") | V23: =IFERROR(IF(OR($C23="",$G23="",$H23=""),0,IF(INDIRECT("'"&VLOOKUP($C23,_Données!$A$3:$V$18,2,FALSE())&"'!"&ADDRESS((VLOOKUP($C23,_Données!$A$3:$V$18,12,FALSE())+IFERROR(MATCH(MAX(VLOOKUP($C23,_Données!$A$3:$V$18,18,FALSE()),MIN(VLOOKUP($C23,_Données!$A$3:$V$18,6,FALSE()),(VLOOKUP($C23,_Données!$A$3:$V$18,18,FALSE())+ROUND(($H23-VLOOKUP($C23,_Données!$A$3:$V$18,18,FALSE()))/VLOOKUP($C23,_Données!$A$3:$V$18,19,FALSE()),0)*VLOOKUP($C23,_Données!$A$3:$V$18,19,FALSE())))),INDIRECT("'"&VLOOKUP($C23,_Données!$A$3:$V$18,2,FALSE())&"'!"&ADDRESS(VLOOKUP($C23,_Données!$A$3:$V$18,12,FALSE()),1,4)&":"&ADDRESS(VLOOKUP($C23,_Données!$A$3:$V$18,12,FALSE())+VLOOKUP($C23,_Données!$A$3:$V$18,15,FALSE())-1,1,4)),0),MATCH(MAX(VLOOKUP($C23,_Données!$A$3:$V$18,18,FALSE()),MIN(VLOOKUP($C23,_Données!$A$3:$V$18,6,FALSE()),(VLOOKUP($C23,_Données!$A$3:$V$18,18,FALSE())+ROUND(($H23-VLOOKUP($C23,_Données!$A$3:$V$18,18,FALSE()))/VLOOKUP($C23,_Données!$A$3:$V$18,19,FALSE()),0)*VLOOKUP($C23,_Données!$A$3:$V$18,19,FALSE())))),INDIRECT("'"&VLOOKUP($C23,_Données!$A$3:$V$18,2,FALSE())&"'!"&ADDRESS(VLOOKUP($C23,_Données!$A$3:$V$18,12,FALSE()),1,4)&":"&ADDRESS(VLOOKUP($C23,_Données!$A$3:$V$18,12,FALSE())+VLOOKUP($C23,_Données!$A$3:$V$18,15,FALSE())-1,1,4)),1))-1),(VLOOKUP($C23,_Données!$A$3:$V$18,13,FALSE())+IFERROR(MATCH(MAX(VLOOKUP($C23,_Données!$A$3:$V$18,16,FALSE()),MIN(VLOOKUP($C23,_Données!$A$3:$V$18,4,FALSE()),(VLOOKUP($C23,_Données!$A$3:$V$18,16,FALSE())+ROUND(($G23-VLOOKUP($C23,_Données!$A$3:$V$18,16,FALSE()))/VLOOKUP($C23,_Données!$A$3:$V$18,17,FALSE()),0)*VLOOKUP($C23,_Données!$A$3:$V$18,17,FALSE())))),INDIRECT("'"&VLOOKUP($C23,_Données!$A$3:$V$18,2,FALSE())&"'!"&ADDRESS(VLOOKUP($C23,_Données!$A$3:$V$18,12,FALSE())-1,VLOOKUP($C23,_Données!$A$3:$V$18,13,FALSE()),4)&":"&ADDRESS(VLOOKUP($C23,_Données!$A$3:$V$18,12,FALSE())-1,VLOOKUP($C23,_Données!$A$3:$V$18,13,FALSE())+VLOOKUP($C23,_Données!$A$3:$V$18,14,FALSE())-1,4)),0),MATCH(MAX(VLOOKUP($C23,_Données!$A$3:$V$18,16,FALSE()),MIN(VLOOKUP($C23,_Données!$A$3:$V$18,4,FALSE()),(VLOOKUP($C23,_Données!$A$3:$V$18,16,FALSE())+ROUND(($G23-VLOOKUP($C23,_Données!$A$3:$V$18,16,FALSE()))/VLOOKUP($C23,_Données!$A$3:$V$18,17,FALSE()),0)*VLOOKUP($C23,_Données!$A$3:$V$18,17,FALSE())))),INDIRECT("'"&VLOOKUP($C23,_Données!$A$3:$V$18,2,FALSE())&"'!"&ADDRESS(VLOOKUP($C23,_Données!$A$3:$V$18,12,FALSE())-1,VLOOKUP($C23,_Données!$A$3:$V$18,13,FALSE()),4)&":"&ADDRESS(VLOOKUP($C23,_Données!$A$3:$V$18,12,FALSE())-1,VLOOKUP($C23,_Données!$A$3:$V$18,13,FALSE())+VLOOKUP($C23,_Données!$A$3:$V$18,14,FALSE())-1,4)),1))-1),4))="",-1,INDIRECT("'"&VLOOKUP($C23,_Données!$A$3:$V$18,2,FALSE())&"'!"&ADDRESS((VLOOKUP($C23,_Données!$A$3:$V$18,12,FALSE())+IFERROR(MATCH(MAX(VLOOKUP($C23,_Données!$A$3:$V$18,18,FALSE()),MIN(VLOOKUP($C23,_Données!$A$3:$V$18,6,FALSE()),(VLOOKUP($C23,_Données!$A$3:$V$18,18,FALSE())+ROUND(($H23-VLOOKUP($C23,_Données!$A$3:$V$18,18,FALSE()))/VLOOKUP($C23,_Données!$A$3:$V$18,19,FALSE()),0)*VLOOKUP($C23,_Données!$A$3:$V$18,19,FALSE())))),INDIRECT("'"&VLOOKUP($C23,_Données!$A$3:$V$18,2,FALSE())&"'!"&ADDRESS(VLOOKUP($C23,_Données!$A$3:$V$18,12,FALSE()),1,4)&":"&ADDRESS(VLOOKUP($C23,_Données!$A$3:$V$18,12,FALSE())+VLOOKUP($C23,_Données!$A$3:$V$18,15,FALSE())-1,1,4)),0),MATCH(MAX(VLOOKUP($C23,_Données!$A$3:$V$18,18,FALSE()),MIN(VLOOKUP($C23,_Données!$A$3:$V$18,6,FALSE()),(VLOOKUP($C23,_Données!$A$3:$V$18,18,FALSE())+ROUND(($H23-VLOOKUP($C23,_Données!$A$3:$V$18,18,FALSE()))/VLOOKUP($C23,_Données!$A$3:$V$18,19,FALSE()),0)*VLOOKUP($C23,_Données!$A$3:$V$18,19,FALSE())))),INDIRECT("'"&VLOOKUP($C23,_Données!$A$3:$V$18,2,FALSE())&"'!"&ADDRESS(VLOOKUP($C23,_Données!$A$3:$V$18,12,FALSE()),1,4)&":"&ADDRESS(VLOOKUP($C23,_Données!$A$3:$V$18,12,FALSE())+VLOOKUP($C23,_Données!$A$3:$V$18,15,FALSE())-1,1,4)),1))-1),(VLOOKUP($C23,_Données!$A$3:$V$18,13,FALSE())+IFERROR(MATCH(MAX(VLOOKUP($C23,_Données!$A$3:$V$18,16,FALSE()),MIN(VLOOKUP($C23,_Données!$A$3:$V$18,4,FALSE()),(VLOOKUP($C23,_Données!$A$3:$V$18,16,FALSE())+ROUND(($G23-VLOOKUP($C23,_Données!$A$3:$V$18,16,FALSE()))/VLOOKUP($C23,_Données!$A$3:$V$18,17,FALSE()),0)*VLOOKUP($C23,_Données!$A$3:$V$18,17,FALSE())))),INDIRECT("'"&VLOOKUP($C23,_Données!$A$3:$V$18,2,FALSE())&"'!"&ADDRESS(VLOOKUP($C23,_Données!$A$3:$V$18,12,FALSE())-1,VLOOKUP($C23,_Données!$A$3:$V$18,13,FALSE()),4)&":"&ADDRESS(VLOOKUP($C23,_Données!$A$3:$V$18,12,FALSE())-1,VLOOKUP($C23,_Données!$A$3:$V$18,13,FALSE())+VLOOKUP($C23,_Données!$A$3:$V$18,14,FALSE())-1,4)),0),MATCH(MAX(VLOOKUP($C23,_Données!$A$3:$V$18,16,FALSE()),MIN(VLOOKUP($C23,_Données!$A$3:$V$18,4,FALSE()),(VLOOKUP($C23,_Données!$A$3:$V$18,16,FALSE())+ROUND(($G23-VLOOKUP($C23,_Données!$A$3:$V$18,16,FALSE()))/VLOOKUP($C23,_Données!$A$3:$V$18,17,FALSE()),0)*VLOOKUP($C23,_Données!$A$3:$V$18,17,FALSE())))),INDIRECT("'"&VLOOKUP($C23,_Données!$A$3:$V$18,2,FALSE())&"'!"&ADDRESS(VLOOKUP($C23,_Données!$A$3:$V$18,12,FALSE())-1,VLOOKUP($C23,_Données!$A$3:$V$18,13,FALSE()),4)&":"&ADDRESS(VLOOKUP($C23,_Données!$A$3:$V$18,12,FALSE())-1,VLOOKUP($C23,_Données!$A$3:$V$18,13,FALSE())+VLOOKUP($C23,_Données!$A$3:$V$18,14,FALSE())-1,4)),1))-1),4)))),0) -> 0 | W23: =IFERROR(IF(V23=0,0,IF(MAX(VLOOKUP($C23,_Données!$A$3:$V$18,18,FALSE()),MIN(VLOOKUP($C23,_Données!$A$3:$V$18,6,FALSE()),(VLOOKUP($C23,_Données!$A$3:$V$18,18,FALSE())+ROUND(($H23-VLOOKUP($C23,_Données!$A$3:$V$18,18,FALSE()))/VLOOKUP($C23,_Données!$A$3:$V$18,19,FALSE()),0)*VLOOKUP($C23,_Données!$A$3:$V$18,19,FALSE()))))>=VLOOKUP($C23,_Données!$A$3:$V$18,10,FALSE()),V23*VLOOKUP($C23,_Données!$A$3:$V$18,11,FALSE()),0)),0) -> 0 | X23: =IFERROR(IF(OR($D23="",V23=0),0,V23*VLOOKUP($D23,_Données!$A$21:$C$28,2,FALSE())),0) -> 0 | Y23: =IFERROR(IF($D23="",0,VLOOKUP($D23,_Données!$A$21:$C$28,3,FALSE())),0) -> 0 | Z23: =IFERROR(IF($E23="",0,VLOOKUP($E23,_Données!$A$48:$C$104,2,FALSE())),0) -> 0 | AA23: =IFERROR(IF(OR($F23="",$G23="",$H23=""),0,VLOOKUP($F23,_Données!$A$33:$C$43,2,FALSE())*2*($G23+$H23)/1000),0) -> 0 | AB23: =IFERROR(IF(OR($F23="",V23=0),0,V23*VLOOKUP($F23,_Données!$A$33:$C$43,3,FALSE())),0) -> 0 | AC23: =IFERROR(IF(OR($R23="",$R23="Aucune option",NOT(OR($C23="Porte Lourde 1 vantail",$C23="Porte Lourde 2 vantaux"))),0,VLOOKUP($R23,_Données!$A$109:$C$125,2,FALSE())*0.75*IF(VLOOKUP($R23,_Données!$A$109:$C$125,3,FALSE())=1,IF($C23="Porte Lourde 1 vantail",1,IF($C23="Porte Lourde 2 vantaux",2,1)),1)*(1-Paramètres!$B$2)),0) -> 0 | AD23: =IFERROR(IF(OR($M23="",$M23="Aucune"),0,VLOOKUP($C23&"|"&$M23,_Données!$A$132:$B$146,2,FALSE())*IF(LEFT($M23,8)="Traverse",$G23,$H23)/1000),0)+IFERROR(IF(OR($N23="",$N23="Aucune"),0,VLOOKUP($C23&"|"&$N23,_Données!$A$132:$B$146,2,FALSE())*IF(LEFT($N23,8)="Traverse",$G23,$H23)/1000),0)+IFERROR(IF(OR($O23="",$O23="Aucune"),0,VLOOKUP($C23&"|"&$O23,_Données!$A$132:$B$146,2,FALSE())*IF(LEFT($O23,8)="Traverse",$G23,$H23)/1000),0) -> 0 | AE23: =IF(AND($M23<>"",$M23<>"Aucune"),IF(ISNA(VLOOKUP($C23&"|"&$M23,_Données!$A$132:$B$146,2,FALSE())),1,0),0)+IF(AND($N23<>"",$N23<>"Aucune"),IF(ISNA(VLOOKUP($C23&"|"&$N23,_Données!$A$132:$B$146,2,FALSE())),1,0),0)+IF(AND($O23<>"",$O23<>"Aucune"),IF(ISNA(VLOOKUP($C23&"|"&$O23,_Données!$A$132:$B$146,2,FALSE())),1,0),0) -> 0 | AF23: =IF(LEFT($M23,8)="Traverse",$M23,"") | AG23: =IF(LEFT($N23,8)="Traverse",$N23,"") | AH23: =IF(LEFT($O23,8)="Traverse",$O23,"") | AI23: =IF(LEFT($M23,6)="Meneau",$M23,"") | AJ23: =IF(LEFT($N23,6)="Meneau",$N23,"") | AK23: =IF(LEFT($O23,6)="Meneau",$O23,"") | AL23: =IF(AND(AF23="",AG23="",AH23=""),"",CHAR(10)&"Traverses : "&AF23&IF(AND(AF23<>"",AG23<>""),", ","")&AG23&IF(AND(OR(AF23<>"",AG23<>""),AH23<>""),", ","")&AH23) | AM23: =IF(AND(AI23="",AJ23="",AK23=""),"",CHAR(10)&"Meneaux : "&AI23&IF(AND(AI23<>"",AJ23<>""),", ","")&AJ23&IF(AND(OR(AI23<>"",AJ23<>""),AK23<>""),", ","")&AK23)
T25: =SUM(T14:T23) -> 1198.931
T26: =MAX(Y14:Y23)*(1-Paramètres!$B$2) -> 0
T27: =T25+T26 -> 1198.931
T28: =Paramètres!$B$2 -> 0.515
A30: • Les prix indiqués sont des prix NETS HT (remise client déjà appliquée).
A31: • Les dimensions sont arrondies au pas de 100 mm le plus proche pour le calcul tarif.
A32: • Le forfait couleur est appliqué une seule fois par commande (99 € ou 275 € selon la famille la plus élevée).
A33: • La plus-value 4 points de fermeture (+ 4 %) s'applique automatiquement à partir de la hauteur seuil (2320 mm).
A34: • La plus-value dormant €/ml est calculée sur le linéaire automatique : 2 × (largeur + hauteur).
A35: • Le taux de remise est paramétré dans l'onglet « Paramètres ».
A37: RAPPEL DES FAMILLES DE COULEUR
A38: Finitions : S = Satinée | FST = Fine Structure / Sablée | B = Brillante | A = Anodisée | FB = Faux bois
A39: Famille 1 Monocolore (sans plus-value) : | D39: 1015S - 7016S - 7016FST - 7022S - 7035S - 9005S - 9005FST - 9006S - 9016S - 1247FST - 7039FST - 2100FST - 9010B
A40: Famille 1 Bicolore (sans plus-value) : | D40: 1015S - 7016S - 7016FST - 7022S - 7035S - 7039S - 7039FST - 9005S - 9005FST - 9006S - 1247FST - 2100FST
A41: Famille 1 « PLUS » Monocolore (forfait 99 €) : | D41: 1247S - 3004S - 3004FST - 5003S - 5003FST - 5010S - 5010FST - 5014S - 5014FST - 6005S - 6005FST - 6021S - 6021FST - 6029S - 6029FST - 9010S - 9010FST - 8019S - 7022FST - 7035FST - 9006FST - 9007FST - 9016FST - 2900FST
A42: Famille 2 Monocolore (+ 10 % + forfait 99 €) : | D42: 3005S - 7006S - 7015S - 7015FST - 7021S - 7024S - 7030S - 7031S - 7031FST - 7037S - 7039S - 7040S - 7043S - 7047S - 8014S - 9007S - 1015FST - 8019FST - 7002B - ASA
A43: Famille 3 Monocolore (+ 25 % + forfait 99 €) : | D43: 3001S - 3009S - 3018S - 4007S - 5000S - 5004S - 5021S - 2650FST - 2100FST - 2700FST - 2500FST - NaturaA
A44: Famille 4 Monocolore (Faux bois) (+ 30 % + forfait 99 €) : | D44: Chêne doréFB - NogalFB - Chêne IrlandaisFB
A45: Famille 5 Bicolore (+ 20 % + forfait 275 €) : | D45: 3004S - 3004FST - 5003S - 5003FST - 5010S - 5010FST - 5014S - 5014FST - 6005S - 6005FST - 6021S - 6021FST - 6029S - 6029FST - 8019S - 8019FST - 9010S - 9010FST - 3005S - 7006S - 7015S - 7015FST - 7021S - 7021B - 7024S - 7030S - 7031S - 7031FST - 7037S - 7039S - 7040S - 7043S - 7047S - 8014S - 9007S - 9007FST - 3001S - 3009S - 3018S - 4007S - 5000S - 5004S - 5021S - 8017FST - 1247FST - 7022FST - 7035FST - 9006FST - 9016FST - 1015FST - 8011FST - 2900FST - 2650FST - 2100FST - 2700FST - 2500FST - 7002B - 9005B - NaturaA
A46: Famille 6 Bicolore (+ 25 % + forfait 275 €) : | D46: NogalFB - Chêne IrlandaisFB - Chêne doréFB - AnodiséA
A48: Pour la liste détaillée des RAL et finitions disponibles par famille, voir l'onglet « Teintes & Finitions ».

Sheet Coulissant 2 vantaux 2 rails
A1: COULISSANT 2 VANTAUX 2 RAILS CL32
A3: PRIX EN € HT (Double vitrage standard) - non remisé
A4: Hauteur (mm) ↓ / Largeur (mm) → | B4: 800 | C4: 900 | D4: 1000 | E4: 1100 | F4: 1200 | G4: 1300 | H4: 1400 | I4: 1500 | J4: 1600 | K4: 1700 | L4: 1800 | M4: 1900 | N4: 2000 | O4: 2100 | P4: 2200 | Q4: 2300 | R4: 2400 | S4: 2500 | T4: 2600 | U4: 2700 | V4: 2800 | W4: 2900 | X4: 3000 | Y4: 3100 | Z4: 3200 | AA4: 3300 | AB4: 3400 | AC4: 3500
A5: 750 | B5: 1299 | C5: 1316 | D5: 1355 | E5: 1392 | F5: 1430 | G5: 1470 | H5: 1507 | I5: 1544 | J5: 1582 | K5: 1619 | L5: 1658 | M5: 1698 | N5: 1735 | O5: 1774 | P5: 1811 | Q5: 1849 | R5: 1884 | S5: 1922 | T5: 1963 | U5: 1998 | V5: 2037 | W5: 2076 | X5: 2113 | Y5: 2317 | Z5: 2356 | AA5: 2391 | AB5: 2431 | AC5: 2469
A6: 850 | B6: 1299 | C6: 1316 | D6: 1355 | E6: 1392 | F6: 1430 | G6: 1470 | H6: 1507 | I6: 1544 | J6: 1582 | K6: 1619 | L6: 1658 | M6: 1698 | N6: 1735 | O6: 1774 | P6: 1811 | Q6: 1849 | R6: 1884 | S6: 1922 | T6: 1963 | U6: 1998 | V6: 2037 | W6: 2076 | X6: 2113 | Y6: 2317 | Z6: 2356 | AA6: 2391 | AB6: 2431 | AC6: 2469
A7: 950 | B7: 1404 | C7: 1427 | D7: 1468 | E7: 1507 | F7: 1547 | G7: 1589 | H7: 1629 | I7: 1670 | J7: 1712 | K7: 1754 | L7: 1793 | M7: 1835 | N7: 1875 | O7: 1916 | P7: 1960 | Q7: 1998 | R7: 2040 | S7: 2080 | T7: 2121 | U7: 2161 | V7: 2203 | W7: 2247 | X7: 2285 | Y7: 2494 | Z7: 2536 | AA7: 2578 | AB7: 2616 | AC7: 2658
A8: 1050 | B8: 1456 | C8: 1479 | D8: 1522 | E8: 1563 | F8: 1606 | G8: 1651 | H8: 1694 | I8: 1735 | J8: 1778 | K8: 1822 | L8: 1861 | M8: 1905 | N8: 1948 | O8: 1989 | P8: 2032 | Q8: 2075 | R8: 2116 | S8: 2158 | T8: 2202 | U8: 2244 | V8: 2287 | W8: 2329 | X8: 2373 | Y8: 2582 | Z8: 2626 | AA8: 2669 | AB8: 2710 | AC8: 2754
A9: 1150 | B9: 1513 | C9: 1532 | D9: 1577 | E9: 1621 | F9: 1664 | G9: 1710 | H9: 1754 | I9: 1799 | J9: 1840 | K9: 1885 | L9: 1930 | M9: 1973 | N9: 2020 | O9: 2060 | P9: 2108 | Q9: 2150 | R9: 2195 | S9: 2240 | T9: 2282 | U9: 2327 | V9: 2372 | W9: 2414 | X9: 2460 | Y9: 2671 | Z9: 2716 | AA9: 2762 | AB9: 2802 | AC9: 2848
A10: 1250 | B10: 1563 | C10: 1585 | D10: 1633 | E10: 1678 | F10: 1723 | G10: 1768 | H10: 1817 | I10: 1862 | J10: 1908 | K10: 1952 | L10: 1997 | M10: 2043 | N10: 2090 | O10: 2136 | P10: 2181 | Q10: 2225 | R10: 2270 | S10: 2317 | T10: 2364 | U10: 2410 | V10: 2454 | W10: 2499 | X10: 2545 | Y10: 2760 | Z10: 2803 | AA10: 2851 | AB10: 2894 | AC10: 2941
A11: 1350 | B11: 1617 | C11: 1643 | D11: 1692 | E11: 1736 | F11: 1783 | G11: 1830 | H11: 1877 | I11: 1924 | J11: 1972 | K11: 2020 | L11: 2067 | M11: 2117 | N11: 2163 | O11: 2206 | P11: 2256 | Q11: 2303 | R11: 2350 | S11: 2397 | T11: 2442 | U11: 2491 | V11: 2538 | W11: 2585 | X11: 2632 | Y11: 2847 | Z11: 2893 | AA11: 2941 | AB11: 2985 | AC11: 3034
A12: 1450 | B12: 1671 | C12: 1698 | D12: 1745 | E12: 1791 | F12: 1840 | G12: 1891 | H12: 1940 | I12: 1987 | J12: 2036 | K12: 2087 | L12: 2136 | M12: 2183 | N12: 2228 | O12: 2279 | P12: 2328 | Q12: 2377 | R12: 2426 | S12: 2474 | T12: 2525 | U12: 2572 | V12: 2620 | W12: 2671 | X12: 2718 | Y12: 2933 | Z12: 2982 | AA12: 3031 | AB12: 3080 | AC12: 3129
A13: 1550 | B13: 1723 | C13: 1749 | D13: 1800 | E13: 1850 | F13: 1902 | G13: 1950 | H13: 1999 | I13: 2051 | J13: 2100 | K13: 2151 | L13: 2202 | M13: 2253 | N13: 2304 | O13: 2353 | P13: 2403 | Q13: 2453 | R13: 2502 | S13: 2552 | T13: 2603 | U13: 2652 | V13: 2703 | W13: 2755 | X13: 2805 | Y13: 3024 | Z13: 3074 | AA13: 3122 | AB13: 3172 | AC13: 3221
A14: 1650 | B14: 1779 | C14: 1803 | D14: 1857 | E14: 1908 | F14: 1960 | G14: 2011 | H14: 2064 | I14: 2114 | J14: 2166 | K14: 2218 | L14: 2269 | M14: 2322 | N14: 2374 | O14: 2425 | P14: 2478 | Q14: 2529 | R14: 2581 | S14: 2632 | T14: 2684 | U14: 2735 | V14: 2787 | W14: 2841 | X14: 2891 | Y14: 3110 | Z14: 3161 | AA14: 3213 | AB14: 3266 | AC14: 3318
A15: 1750 | B15: 1831 | C15: 1859 | D15: 1911 | E15: 1964 | F15: 2020 | G15: 2073 | H15: 2127 | I15: 2179 | J15: 2228 | K15: 2283 | L15: 2337 | M15: 2389 | N15: 2443 | O15: 2496 | P15: 2550 | Q15: 2604 | R15: 2658 | S15: 2711 | T15: 2764 | U15: 2817 | V15: 2870 | W15: 2925 | X15: 2977 | Y15: 3198 | Z15: 3252 | AA15: 3304 | AB15: 3801 | AC15: 3869
A16: 1850 | B16: 1884 | C16: 1913 | D16: 1967 | E16: 2022 | F16: 2077 | G16: 2134 | H16: 2186 | I16: 2243 | J16: 2293 | K16: 2351 | L16: 2406 | M16: 2462 | N16: 2514 | O16: 2571 | P16: 2626 | Q16: 2681 | R16: 2735 | S16: 2794 | T16: 2845 | U16: 2900 | V16: 2954 | W16: 3009 | X16: 3063 | Y16: 3286 | Z16: 3783 | AA16: 3852 | AB16: 3920 | AC16: 3988
... A25: 2700 | B25: 2500 | C25: 2540 | D25: 2566 | E25: 2638 | F25: 2709 | G25: 2772 | H25: 2842 | I25: 2912 | J25: 2982 | K25: 3048 | L25: 3115 | M25: 3187 | N25: 3258 | O25: 3804 | P25: 3859 | Q25: 3887 | R25: 3977 | S25: 4068 | T25: 4156 | U25: 4248 | V25: 4334 | W25: 4427 | X25: 4516 | Y25: 5254 | Z25: 5367 | AA25: 5475 | AB25: 5573 | AC25: 5677
A27: PRIX EN €/m² HT (Double vitrage standard) - non remisé
A28: Hauteur (mm) ↓ / Largeur (mm) → | B28: 800 | C28: 900 | D28: 1000 | E28: 1100 | F28: 1200 | G28: 1300 | H28: 1400 | I28: 1500 | J28: 1600 | K28: 1700 | L28: 1800 | M28: 1900 | N28: 2000 | O28: 2100 | P28: 2200 | Q28: 2300 | R28: 2400 | S28: 2500 | T28: 2600 | U28: 2700 | V28: 2800 | W28: 2900 | X28: 3000 | Y28: 3100 | Z28: 3200 | AA28: 3300 | AB28: 3400 | AC28: 3500
A29: 750 | B29: 0.5 | C29: 0.5 | D29: 0.5 | E29: 0.5 | F29: 0.56 | G29: 0.61 | H29: 0.67 | I29: 0.73 | J29: 0.78 | K29: 0.84 | L29: 0.89 | M29: 0.95 | N29: 1.01 | O29: 1.06 | P29: 1.12 | Q29: 1.18 | R29: 1.23 | S29: 1.29 | T29: 1.34 | U29: 1.4 | V29: 1.46 | W29: 1.51 | X29: 1.57 | Y29: 1.62 | Z29: 1.68 | AA29: 1.74 | AB29: 1.79 | AC29: 1.85
A30: 850 | B30: 0.5 | C30: 0.52 | D30: 0.52 | E30: 0.59 | F30: 0.66 | G30: 0.72 | H30: 0.79 | I30: 0.85 | J30: 0.92 | K30: 0.99 | L30: 1.05 | M30: 1.12 | N30: 1.19 | O30: 1.25 | P30: 1.32 | Q30: 1.38 | R30: 1.45 | S30: 1.52 | T30: 1.58 | U30: 1.65 | V30: 1.72 | W30: 1.78 | X30: 1.85 | Y30: 1.91 | Z30: 1.98 | AA30: 2.05 | AB30: 2.11 | AC30: 2.18
A31: 950 | B31: 0.5 | C31: 0.53 | D31: 0.6 | E31: 0.68 | F31: 0.76 | G31: 0.83 | H31: 0.91 | I31: 0.98 | J31: 1.06 | K31: 1.14 | L31: 1.21 | M31: 1.29 | N31: 1.36 | O31: 1.44 | P31: 1.52 | Q31: 1.59 | R31: 1.67 | S31: 1.75 | T31: 1.82 | U31: 1.9 | V31: 1.97 | W31: 2.05 | X31: 2.13 | Y31: 2.2 | Z31: 2.28 | AA31: 2.36 | AB31: 2.43 | AC31: 2.51
A32: 1050 | B32: 0.51 | C32: 0.6 | D32: 0.68 | E32: 0.77 | F32: 0.85 | G32: 0.94 | H32: 1.03 | I32: 1.11 | J32: 1.2 | K32: 1.29 | L32: 1.37 | M32: 1.44 | N32: 1.54 | O32: 1.63 | P32: 1.72 | Q32: 1.8 | R32: 1.89 | S32: 1.98 | T32: 2.06 | U32: 2.15 | V32: 2.23 | W32: 2.32 | X32: 2.41 | Y32: 2.49 | Z32: 2.58 | AA32: 2.66 | AB32: 2.75 | AC32: 2.84
A33: 1150 | B33: 0.57 | C33: 0.67 | D33: 0.76 | E33: 0.86 | F33: 0.95 | G33: 1.05 | H33: 1.15 | I33: 1.24 | J33: 1.34 | K33: 1.43 | L33: 1.53 | M33: 1.63 | N33: 1.72 | O33: 1.82 | P33: 1.92 | Q33: 2.01 | R33: 2.11 | S33: 2.2 | T33: 2.3 | U33: 2.4 | V33: 2.49 | W33: 2.59 | X33: 2.69 | Y33: 2.78 | Z33: 2.88 | AA33: 2.97 | AB33: 3.07 | AC33: 3.17
A34: 1250 | B34: 0.63 | C34: 0.73 | D34: 0.84 | E34: 0.95 | F34: 1.05 | G34: 1.16 | H34: 1.27 | I34: 1.37 | J34: 1.48 | K34: 1.58 | L34: 1.69 | M34: 1.8 | N34: 1.9 | O34: 2.01 | P34: 2.11 | Q34: 2.22 | R34: 2.33 | S34: 2.43 | T34: 2.54 | U34: 2.65 | V34: 2.75 | W34: 2.86 | X34: 2.96 | Y34: 3.07 | Z34: 3.18 | AA34: 3.28 | AB34: 3.39 | AC34: 3.5
A35: 1350 | B35: 0.68 | C35: 0.8 | D35: 0.92 | E35: 1.04 | F35: 1.15 | G35: 1.27 | H35: 1.38 | I35: 1.5 | J35: 1.62 | K35: 1.73 | L35: 1.85 | M35: 1.97 | N35: 2.08 | O35: 2.2 | P35: 2.32 | Q35: 2.43 | R35: 2.55 | S35: 2.66 | T35: 2.78 | U35: 2.89 | V35: 3.01 | W35: 3.13 | X35: 3.24 | Y35: 3.36 | Z35: 3.48 | AA35: 3.59 | AB35: 3.71 | AC35: 3.82
A36: 1450 | B36: 0.75 | C36: 0.87 | D36: 1 | E36: 1.13 | F36: 1.25 | G36: 1.38 | H36: 1.5 | I36: 1.63 | J36: 1.76 | K36: 1.88 | L36: 2.01 | M36: 2.13 | N36: 2.26 | O36: 2.39 | P36: 2.51 | Q36: 2.64 | R36: 2.77 | S36: 2.89 | T36: 3.02 | U36: 3.14 | V36: 3.27 | W36: 3.4 | X36: 3.52 | Y36: 3.65 | Z36: 3.78 | AA36: 3.9 | AB36: 4.03 | AC36: 4.15
A37: 1550 | B37: 0.8 | C37: 0.94 | D37: 1.08 | E37: 1.21 | F37: 1.35 | G37: 1.49 | H37: 1.62 | I37: 1.76 | J37: 1.9 | K37: 2.03 | L37: 2.17 | M37: 2.3 | N37: 2.44 | O37: 2.57 | P37: 2.71 | Q37: 2.84 | R37: 2.97 | S37: 3.11 | T37: 3.24 | U37: 3.38 | V37: 3.51 | W37: 3.65 | X37: 3.78 | Y37: 3.92 | Z37: 4.05 | AA37: 4.19 | AB37: 4.32 | AC37: 4.46
A38: 1650 | B38: 0.81 | C38: 1.01 | D38: 1.16 | E38: 1.3 | F38: 1.45 | G38: 1.6 | H38: 1.74 | I38: 1.89 | J38: 2.03 | K38: 2.18 | L38: 2.33 | M38: 2.47 | N38: 2.62 | O38: 2.77 | P38: 2.91 | Q38: 3.06 | R38: 3.2 | S38: 3.35 | T38: 3.5 | U38: 3.64 | V38: 3.79 | W38: 3.93 | X38: 4.08 | Y38: 4.23 | Z38: 4.37 | AA38: 4.52 | AB38: 4.67 | AC38: 4.81
A39: 1750 | B39: 0.92 | C39: 1.08 | D39: 1.24 | E39: 1.39 | F39: 1.55 | G39: 1.71 | H39: 1.86 | I39: 2.02 | J39: 2.17 | K39: 2.33 | L39: 2.49 | M39: 2.64 | N39: 2.8 | O39: 2.95 | P39: 3.11 | Q39: 3.27 | R39: 3.42 | S39: 3.58 | T39: 3.74 | U39: 3.89 | V39: 4.05 | W39: 4.2 | X39: 4.36 | Y39: 4.52 | Z39: 4.67 | AA39: 4.83 | AB39: 4.98 | AC39: 5.14
A40: 1850 | B40: 0.98 | C40: 1.15 | D40: 1.32 | E40: 1.48 | F40: 1.65 | G40: 1.81 | H40: 1.98 | I40: 2.15 | J40: 2.31 | K40: 2.48 | L40: 2.65 | M40: 2.81 | N40: 2.98 | O40: 3.14 | P40: 3.31 | Q40: 3.48 | R40: 3.64 | S40: 3.81 | T40: 3.97 | U40: 4.14 | V40: 4.31 | W40: 4.47 | X40: 4.64 | Y40: 4.81 | Z40: 4.97 | AA40: 5.14 | AB40: 5.3 | AC40: 5.47
... A49: 2700 | B49: 1.52 | C49: 1.77 | D49: 2.03 | E49: 2.28 | F49: 2.54 | G49: 2.8 | H49: 3.05 | I49: 3.31 | J49: 3.57 | K49: 3.82 | L49: 4.08 | M49: 4.33 | N49: 4.59 | O49: 4.85 | P49: 5.1 | Q49: 5.36 | R49: 5.61 | S49: 5.87 | T49: 6.13 | U49: 6.38 | V49: 6.64 | W49: 6.9 | X49: 7.15 | Y49: 7.41 | Z49: 7.66 | AA49: 7.92 | AB49: 8.18 | AC49: 8.43
A51: Traverse 70 mm | B51: 271 | C51: 280 | D51: 285 | E51: 292 | F51: 298 | G51: 314 | H51: 321 | I51: 327 | J51: 333 | K51: 341 | L51: 348 | M51: 354 | N51: 363 | O51: 370 | P51: 375 | Q51: 382 | R51: 399 | S51: 406 | T51: 411 | U51: 418 | V51: 424 | W51: 430 | X51: 438 | Y51: 449 | Z51: 454 | AA51: 461 | AB51: 466 | AC51: 473
A53: PRIX NET CLIENT (après remise)
A54: Remise appliquée : | B54: =Paramètres!$B$2 -> 0.515
A55: Hauteur (mm) ↓ / Largeur (mm) → | B55: 800 | C55: 900 | D55: 1000 | E55: 1100 | F55: 1200 | G55: 1300 | H55: 1400 | I55: 1500 | J55: 1600 | K55: 1700 | L55: 1800 | M55: 1900 | N55: 2000 | O55: 2100 | P55: 2200 | Q55: 2300 | R55: 2400 | S55: 2500 | T55: 2600 | U55: 2700 | V55: 2800 | W55: 2900 | X55: 3000 | Y55: 3100 | Z55: 3200 | AA55: 3300 | AB55: 3400 | AC55: 3500
A56: 750 | B56: =B5*(1-Paramètres!$B$2) -> 630.015 | C56: =C5*(1-Paramètres!$B$2) -> 638.26 | D56: =D5*(1-Paramètres!$B$2) -> 657.175 | E56: =E5*(1-Paramètres!$B$2) -> 675.12 | F56: =F5*(1-Paramètres!$B$2) -> 693.55 | G56: =G5*(1-Paramètres!$B$2) -> 712.95 | H56: =H5*(1-Paramètres!$B$2) -> 730.895 | I56: =I5*(1-Paramètres!$B$2) -> 748.84 | ... AC56: =AC5*(1-Paramètres!$B$2) -> 1197.465
A57: 850 | B57: =B6*(1-Paramètres!$B$2) -> 630.015 | C57: =C6*(1-Paramètres!$B$2) -> 638.26 | D57: =D6*(1-Paramètres!$B$2) -> 657.175 | E57: =E6*(1-Paramètres!$B$2) -> 675.12 | F57: =F6*(1-Paramètres!$B$2) -> 693.55 | G57: =G6*(1-Paramètres!$B$2) -> 712.95 | H57: =H6*(1-Paramètres!$B$2) -> 730.895 | I57: =I6*(1-Paramètres!$B$2) -> 748.84 | ... AC57: =AC6*(1-Paramètres!$B$2) -> 1197.465
A58: 950 | B58: =B7*(1-Paramètres!$B$2) -> 680.94 | C58: =C7*(1-Paramètres!$B$2) -> 692.095 | D58: =D7*(1-Paramètres!$B$2) -> 711.98 | E58: =E7*(1-Paramètres!$B$2) -> 730.895 | F58: =F7*(1-Paramètres!$B$2) -> 750.295 | G58: =G7*(1-Paramètres!$B$2) -> 770.665 | H58: =H7*(1-Paramètres!$B$2) -> 790.065 | I58: =I7*(1-Paramètres!$B$2) -> 809.95 | ... AC58: =AC7*(1-Paramètres!$B$2) -> 1289.13
A59: 1050 | B59: =B8*(1-Paramètres!$B$2) -> 706.16 | C59: =C8*(1-Paramètres!$B$2) -> 717.315 | D59: =D8*(1-Paramètres!$B$2) -> 738.17 | E59: =E8*(1-Paramètres!$B$2) -> 758.055 | F59: =F8*(1-Paramètres!$B$2) -> 778.91 | G59: =G8*(1-Paramètres!$B$2) -> 800.735 | H59: =H8*(1-Paramètres!$B$2) -> 821.59 | I59: =I8*(1-Paramètres!$B$2) -> 841.475 | ... AC59: =AC8*(1-Paramètres!$B$2) -> 1335.69
A60: 1150 | B60: =B9*(1-Paramètres!$B$2) -> 733.805 | C60: =C9*(1-Paramètres!$B$2) -> 743.02 | D60: =D9*(1-Paramètres!$B$2) -> 764.845 | E60: =E9*(1-Paramètres!$B$2) -> 786.185 | F60: =F9*(1-Paramètres!$B$2) -> 807.04 | G60: =G9*(1-Paramètres!$B$2) -> 829.35 | H60: =H9*(1-Paramètres!$B$2) -> 850.69 | I60: =I9*(1-Paramètres!$B$2) -> 872.515 | ... AC60: =AC9*(1-Paramètres!$B$2) -> 1381.28
A61: 1250 | B61: =B10*(1-Paramètres!$B$2) -> 758.055 | C61: =C10*(1-Paramètres!$B$2) -> 768.725 | D61: =D10*(1-Paramètres!$B$2) -> 792.005 | E61: =E10*(1-Paramètres!$B$2) -> 813.83 | F61: =F10*(1-Paramètres!$B$2) -> 835.655 | G61: =G10*(1-Paramètres!$B$2) -> 857.48 | H61: =H10*(1-Paramètres!$B$2) -> 881.245 | I61: =I10*(1-Paramètres!$B$2) -> 903.07 | ... AC61: =AC10*(1-Paramètres!$B$2) -> 1426.385
A62: 1350 | B62: =B11*(1-Paramètres!$B$2) -> 784.245 | C62: =C11*(1-Paramètres!$B$2) -> 796.855 | D62: =D11*(1-Paramètres!$B$2) -> 820.62 | E62: =E11*(1-Paramètres!$B$2) -> 841.96 | F62: =F11*(1-Paramètres!$B$2) -> 864.755 | G62: =G11*(1-Paramètres!$B$2) -> 887.55 | H62: =H11*(1-Paramètres!$B$2) -> 910.345 | I62: =I11*(1-Paramètres!$B$2) -> 933.14 | ... AC62: =AC11*(1-Paramètres!$B$2) -> 1471.49
A63: 1450 | B63: =B12*(1-Paramètres!$B$2) -> 810.435 | C63: =C12*(1-Paramètres!$B$2) -> 823.53 | D63: =D12*(1-Paramètres!$B$2) -> 846.325 | E63: =E12*(1-Paramètres!$B$2) -> 868.635 | F63: =F12*(1-Paramètres!$B$2) -> 892.4 | G63: =G12*(1-Paramètres!$B$2) -> 917.135 | H63: =H12*(1-Paramètres!$B$2) -> 940.9 | I63: =I12*(1-Paramètres!$B$2) -> 963.695 | ... AC63: =AC12*(1-Paramètres!$B$2) -> 1517.565
A64: 1550 | B64: =B13*(1-Paramètres!$B$2) -> 835.655 | C64: =C13*(1-Paramètres!$B$2) -> 848.265 | D64: =D13*(1-Paramètres!$B$2) -> 873 | E64: =E13*(1-Paramètres!$B$2) -> 897.25 | F64: =F13*(1-Paramètres!$B$2) -> 922.47 | G64: =G13*(1-Paramètres!$B$2) -> 945.75 | H64: =H13*(1-Paramètres!$B$2) -> 969.515 | I64: =I13*(1-Paramètres!$B$2) -> 994.735 | ... AC64: =AC13*(1-Paramètres!$B$2) -> 1562.185
A65: 1650 | B65: =B14*(1-Paramètres!$B$2) -> 862.815 | C65: =C14*(1-Paramètres!$B$2) -> 874.455 | D65: =D14*(1-Paramètres!$B$2) -> 900.645 | E65: =E14*(1-Paramètres!$B$2) -> 925.38 | F65: =F14*(1-Paramètres!$B$2) -> 950.6 | G65: =G14*(1-Paramètres!$B$2) -> 975.335 | H65: =H14*(1-Paramètres!$B$2) -> 1001.04 | I65: =I14*(1-Paramètres!$B$2) -> 1025.29 | ... AC65: =AC14*(1-Paramètres!$B$2) -> 1609.23
A66: 1750 | B66: =B15*(1-Paramètres!$B$2) -> 888.035 | C66: =C15*(1-Paramètres!$B$2) -> 901.615 | D66: =D15*(1-Paramètres!$B$2) -> 926.835 | E66: =E15*(1-Paramètres!$B$2) -> 952.54 | F66: =F15*(1-Paramètres!$B$2) -> 979.7 | G66: =G15*(1-Paramètres!$B$2) -> 1005.405 | H66: =H15*(1-Paramètres!$B$2) -> 1031.595 | I66: =I15*(1-Paramètres!$B$2) -> 1056.815 | ... AC66: =AC15*(1-Paramètres!$B$2) -> 1876.465
A67: 1850 | B67: =B16*(1-Paramètres!$B$2) -> 913.74 | C67: =C16*(1-Paramètres!$B$2) -> 927.805 | D67: =D16*(1-Paramètres!$B$2) -> 953.995 | E67: =E16*(1-Paramètres!$B$2) -> 980.67 | F67: =F16*(1-Paramètres!$B$2) -> 1007.345 | G67: =G16*(1-Paramètres!$B$2) -> 1034.99 | H67: =H16*(1-Paramètres!$B$2) -> 1060.21 | I67: =I16*(1-Paramètres!$B$2) -> 1087.855 | ... AC67: =AC16*(1-Paramètres!$B$2) -> 1934.18
... A76: 2700 | B76: =B25*(1-Paramètres!$B$2) -> 1212.5 | C76: =C25*(1-Paramètres!$B$2) -> 1231.9 | D76: =D25*(1-Paramètres!$B$2) -> 1244.51 | E76: =E25*(1-Paramètres!$B$2) -> 1279.43 | F76: =F25*(1-Paramètres!$B$2) -> 1313.865 | G76: =G25*(1-Paramètres!$B$2) -> 1344.42 | H76: =H25*(1-Paramètres!$B$2) -> 1378.37 | I76: =I25*(1-Paramètres!$B$2) -> 1412.32 | ... AC76: =AC25*(1-Paramètres!$B$2) -> 2753.345

Sheet Coulissant 3 vantaux 2 rails
A1: COULISSANT 3 VANTAUX 2 RAILS CL32
A3: PRIX EN € HT (Double vitrage standard) - non remisé
A4: Hauteur (mm) ↓ / Largeur (mm) → | B4: 2000 | C4: 2100 | D4: 2200 | E4: 2300 | F4: 2400 | G4: 2500 | H4: 2600 | I4: 2700 | J4: 2800 | K4: 2900 | L4: 3000 | M4: 3100 | N4: 3200 | O4: 3300 | P4: 3400 | Q4: 3500 | R4: 3600 | S4: 3700 | T4: 3800 | U4: 3900 | V4: 4000 | W4: 4100 | X4: 4200 | Y4: 4300 | Z4: 4400 | AA4: 4500 | AB4: 4600 | AC4: 4700 | AD4: 4800 | AE4: 4900 | AF4: 5000
A5: 750 | B5: 2413 | C5: 2464 | D5: 2513 | E5: 2562 | F5: 2614 | G5: 2663 | H5: 2715 | I5: 2764 | J5: 2812 | K5: 2863 | L5: 2912 | M5: 3053 | N5: 3192 | O5: 3242 | P5: 3292 | Q5: 3341 | R5: 3390 | S5: 3441 | T5: 3490 | U5: 3543 | V5: 3592 | W5: 3640 | X5: 3691 | Y5: 3741 | Z5: 3790 | AA5: 3840 | AB5: 3892 | AC5: 3942 | AD5: 3992 | AE5: 4043 | AF5: 4093
A6: 850 | B6: 2505 | C6: 2554 | D6: 2606 | E6: 2658 | F6: 2710 | G6: 2762 | H6: 2812 | I6: 2865 | J6: 2916 | K6: 2970 | L6: 3021 | M6: 3161 | N6: 3300 | O6: 3352 | P6: 3404 | Q6: 3455 | R6: 3508 | S6: 3558 | T6: 3611 | U6: 3663 | V6: 3715 | W6: 3766 | X6: 3818 | Y6: 3870 | Z6: 3921 | AA6: 3973 | AB6: 4024 | AC6: 4075 | AD6: 4128 | AE6: 4178 | AF6: 4229
A7: 950 | B7: 2593 | C7: 2647 | D7: 2700 | E7: 2755 | F7: 2808 | G7: 2859 | H7: 2912 | I7: 2969 | J7: 3021 | K7: 3074 | L7: 3128 | M7: 3269 | N7: 3413 | O7: 3465 | P7: 3517 | Q7: 3572 | R7: 3623 | S7: 3678 | T7: 3730 | U7: 3784 | V7: 3838 | W7: 3892 | X7: 3944 | Y7: 3997 | Z7: 4050 | AA7: 4104 | AB7: 4157 | AC7: 4212 | AD7: 4263 | AE7: 4316 | AF7: 4370
A8: 1050 | B8: 2685 | C8: 2740 | D8: 2797 | E8: 2849 | F8: 2904 | G8: 2959 | H8: 3014 | I8: 3071 | J8: 3122 | K8: 3178 | L8: 3235 | M8: 3378 | N8: 3522 | O8: 3577 | P8: 3632 | Q8: 3684 | R8: 3741 | S8: 3795 | T8: 3852 | U8: 3907 | V8: 3962 | W8: 4015 | X8: 4069 | Y8: 4123 | Z8: 4179 | AA8: 4233 | AB8: 4289 | AC8: 4345 | AD8: 4399 | AE8: 4454 | AF8: 4508
A9: 1150 | B9: 2774 | C9: 2832 | D9: 2889 | E9: 2945 | F9: 3000 | G9: 3058 | H9: 3114 | I9: 3169 | J9: 3227 | K9: 3284 | L9: 3339 | M9: 3487 | N9: 3632 | O9: 3688 | P9: 3744 | Q9: 3801 | R9: 3859 | S9: 3915 | T9: 3972 | U9: 4029 | V9: 4085 | W9: 4141 | X9: 4196 | Y9: 4255 | Z9: 4310 | AA9: 4366 | AB9: 4425 | AC9: 4481 | AD9: 4536 | AE9: 4593 | AF9: 4651
A10: 1250 | B10: 2864 | C10: 2924 | D10: 2982 | E10: 3038 | F10: 3098 | G10: 3155 | H10: 3213 | I10: 3274 | J10: 3330 | K10: 3389 | L10: 3447 | M10: 3595 | N10: 3743 | O10: 3799 | P10: 3859 | Q10: 3918 | R10: 3974 | S10: 4033 | T10: 4092 | U10: 4149 | V10: 4209 | W10: 4266 | X10: 4323 | Y10: 4382 | Z10: 4441 | AA10: 4496 | AB10: 4556 | AC10: 4614 | AD10: 4671 | AE10: 4729 | AF10: 4788
A11: 1350 | B11: 2955 | C11: 3016 | D11: 3076 | E11: 3135 | F11: 3195 | G11: 3254 | H11: 3314 | I11: 3373 | J11: 3436 | K11: 3494 | L11: 3553 | M11: 3705 | N11: 3853 | O11: 3919 | P11: 3976 | Q11: 4037 | R11: 4092 | S11: 4151 | T11: 4209 | U11: 4271 | V11: 4329 | W11: 4391 | X11: 4448 | Y11: 4509 | Z11: 4568 | AA11: 4630 | AB11: 4688 | AC11: 4748 | AD11: 4808 | AE11: 4868 | AF11: 4928
A12: 1450 | B12: 3044 | C12: 3108 | D12: 3167 | E12: 3232 | F12: 3292 | G12: 3352 | H12: 3414 | I12: 3475 | J12: 3540 | K12: 3599 | L12: 3660 | M12: 3810 | N12: 3962 | O12: 4022 | P12: 4086 | Q12: 4147 | R12: 4209 | S12: 4268 | T12: 4329 | U12: 4390 | V12: 4451 | W12: 4513 | X12: 4575 | Y12: 4639 | Z12: 4699 | AA12: 4760 | AB12: 4823 | AC12: 4883 | AD12: 4945 | AE12: 5007 | AF12: 5067
A13: 1550 | B13: 3135 | C13: 3200 | D13: 3260 | E13: 3325 | F13: 3389 | G13: 3451 | H13: 3515 | I13: 3578 | J13: 3640 | K13: 3704 | L13: 3767 | M13: 3920 | N13: 4071 | O13: 4136 | P13: 4196 | Q13: 4261 | R13: 4323 | S13: 4387 | T13: 4449 | U13: 4512 | V13: 4575 | W13: 4640 | X13: 4701 | Y13: 4766 | Z13: 4827 | AA13: 4890 | AB13: 4954 | AC13: 5017 | AD13: 5080 | AE13: 5144 | AF13: 5208
A14: 1650 | B14: 3224 | C14: 3289 | D14: 3357 | E14: 3420 | F14: 3486 | G14: 3551 | H14: 3616 | I14: 3679 | J14: 3744 | K14: 3809 | L14: 3873 | M14: 4029 | N14: 4180 | O14: 4248 | P14: 4310 | Q14: 4373 | R14: 4441 | S14: 4504 | T14: 4571 | U14: 4636 | V14: 4700 | W14: 4765 | X14: 4827 | Y14: 4893 | Z14: 4959 | AA14: 5025 | AB14: 5088 | AC14: 5154 | AD14: 5216 | AE14: 5283 | AF14: 5346
A15: 1750 | B15: 3316 | C15: 3388 | D15: 3448 | E15: 3516 | F15: 3584 | G15: 3649 | H15: 3715 | I15: 3781 | J15: 3844 | K15: 3913 | L15: 3982 | M15: 4138 | N15: 4294 | O15: 4358 | P15: 4423 | Q15: 4490 | R15: 4557 | S15: 4622 | T15: 4691 | U15: 4756 | V15: 4823 | W15: 4888 | X15: 4956 | Y15: 5023 | Z15: 5088 | AA15: 5155 | AB15: 5221 | AC15: 5288 | AD15: 5356 | AE15: 5769 | AF15: 6182
A16: 1850 | B16: 3408 | C16: 3474 | D16: 3544 | E16: 3610 | F16: 3678 | G16: 3747 | H16: 3816 | I16: 3881 | J16: 3947 | K16: 4019 | L16: 4090 | M16: 4247 | N16: 4400 | O16: 4467 | P16: 4534 | Q16: 4607 | R16: 4672 | S16: 4742 | T16: 4809 | U16: 4878 | V16: 4945 | W16: 5013 | X16: 5080 | Y16: 5152 | Z16: 5217 | AA16: 5286 | AB16: 5356 | AC16: 5783 | AD16: 5852 | AE16: 5920 | AF16: 6280
... A25: 2700 | B25: 4279 | C25: 4354 | D25: 4447 | E25: 4525 | F25: 4604 | G25: 4689 | H25: 4775 | I25: 4858 | J25: 4937 | K25: 5019 | L25: 5102 | M25: 5272 | N25: 5444 | O25: 6275 | P25: 6357 | Q25: 6463 | R25: 6669 | S25: 6675 | T25: 6770 | U25: 6872 | V25: 6979 | W25: 7092 | X25: 7200 | Y25: 7297 | Z25: 7410 | AA25: 7505 | AB25: 7614 | AC25: 7717 | AD25: 7820 | AE25: 8082 | AF25: 8358
A27: PRIX EN €/m² HT (Double vitrage standard) - non remisé
A28: Hauteur (mm) ↓ / Largeur (mm) → | B28: 2000 | C28: 2100 | D28: 2200 | E28: 2300 | F28: 2400 | G28: 2500 | H28: 2600 | I28: 2700 | J28: 2800 | K28: 2900 | L28: 3000 | M28: 3100 | N28: 3200 | O28: 3300 | P28: 3400 | Q28: 3500 | R28: 3600 | S28: 3700 | T28: 3800 | U28: 3900 | V28: 4000 | W28: 4100 | X28: 4200 | Y28: 4300 | Z28: 4400 | AA28: 4500 | AB28: 4600 | AC28: 4700 | AD28: 4800 | AE28: 4900 | AF28: 5000
A29: 750 | B29: 1.61 | C29: 1.65 | D29: 1.7 | E29: 1.74 | F29: 1.79 | G29: 1.83 | H29: 1.88 | I29: 1.92 | J29: 1.97 | K29: 2.01 | L29: 2.06 | M29: 2.11 | N29: 2.16 | O29: 2.2 | P29: 2.25 | Q29: 2.3 | R29: 2.34 | S29: 2.39 | T29: 2.44 | U29: 2.48 | V29: 2.53 | W29: 2.58 | X29: 2.63 | Y29: 2.67 | Z29: 2.72 | AA29: 2.77 | AB29: 2.82 | AC29: 2.87 | AD29: 2.91 | AE29: 2.95 | AF29: 3
A30: 850 | B30: 1.19 | C30: 1.25 | D30: 1.32 | E30: 1.38 | F30: 1.45 | G30: 1.52 | H30: 1.58 | I30: 1.65 | J30: 1.72 | K30: 1.78 | L30: 1.85 | M30: 1.91 | N30: 1.98 | O30: 2.05 | P30: 2.11 | Q30: 2.18 | R30: 2.24 | S30: 2.31 | T30: 2.38 | U30: 2.44 | V30: 2.51 | W30: 2.58 | X30: 2.64 | Y30: 2.71 | Z30: 2.77 | AA30: 2.84 | AB30: 2.91 | AC30: 2.97 | AD30: 3.04 | AE30: 3.11 | AF30: 3.17
A31: 950 | B31: 1.36 | C31: 1.44 | D31: 1.52 | E31: 1.59 | F31: 1.67 | G31: 1.75 | H31: 1.82 | I31: 1.9 | J31: 1.97 | K31: 2.05 | L31: 2.13 | M31: 2.2 | N31: 2.28 | O31: 2.36 | P31: 2.43 | Q31: 2.51 | R31: 2.58 | S31: 2.66 | T31: 2.74 | U31: 2.81 | V31: 2.89 | W31: 2.96 | X31: 3.04 | Y31: 3.12 | Z31: 3.19 | AA31: 3.27 | AB31: 3.35 | AC31: 3.42 | AD31: 3.5 | AE31: 3.57 | AF31: 3.65
A32: 1050 | B32: 1.52 | C32: 1.62 | D32: 1.72 | E32: 1.8 | F32: 1.89 | G32: 1.98 | H32: 2.06 | I32: 2.15 | J32: 2.23 | K32: 2.32 | L32: 2.41 | M32: 2.49 | N32: 2.58 | O32: 2.67 | P32: 2.75 | Q32: 2.84 | R32: 2.92 | S32: 3.01 | T32: 3.1 | U32: 3.18 | V32: 3.27 | W32: 3.35 | X32: 3.44 | Y32: 3.53 | Z32: 3.61 | AA32: 3.7 | AB32: 3.78 | AC32: 3.87 | AD32: 3.95 | AE32: 4.04 | AF32: 4.13
A33: 1150 | B33: 1.74 | C33: 1.82 | D33: 1.92 | E33: 2.01 | F33: 2.11 | G33: 2.2 | H33: 2.3 | I33: 2.4 | J33: 2.49 | K33: 2.59 | L33: 2.69 | M33: 2.78 | N33: 2.88 | O33: 2.97 | P33: 3.07 | Q33: 3.17 | R33: 3.26 | S33: 3.36 | T33: 3.45 | U33: 3.55 | V33: 3.65 | W33: 3.74 | X33: 3.84 | Y33: 3.94 | Z33: 4.03 | AA33: 4.13 | AB33: 4.22 | AC33: 4.32 | AD33: 4.42 | AE33: 4.51 | AF33: 4.61
A34: 1250 | B34: 1.9 | C34: 2.01 | D34: 2.11 | E34: 2.22 | F34: 2.33 | G34: 2.43 | H34: 2.54 | I34: 2.65 | J34: 2.75 | K34: 2.85 | L34: 2.96 | M34: 3.07 | N34: 3.17 | O34: 3.28 | P34: 3.39 | Q34: 3.5 | R34: 3.6 | S34: 3.71 | T34: 3.81 | U34: 3.92 | V34: 4.03 | W34: 4.13 | X34: 4.24 | Y34: 4.34 | Z34: 4.45 | AA34: 4.56 | AB34: 4.66 | AC34: 4.77 | AD34: 4.88 | AE34: 4.98 | AF34: 5.09
A35: 1350 | B35: 2.08 | C35: 2.2 | D35: 2.31 | E35: 2.43 | F35: 2.55 | G35: 2.66 | H35: 2.78 | I35: 2.89 | J35: 3.01 | K35: 3.13 | L35: 3.24 | M35: 3.36 | N35: 3.47 | O35: 3.59 | P35: 3.71 | Q35: 3.82 | R35: 3.94 | S35: 4.06 | T35: 4.17 | U35: 4.29 | V35: 4.41 | W35: 4.52 | X35: 4.64 | Y35: 4.75 | Z35: 4.87 | AA35: 4.99 | AB35: 5.1 | AC35: 5.22 | AD35: 5.33 | AE35: 5.45 | AF35: 5.57
